[2026-01-29 18:45:49.568] [1263] [HailoRT] [info] [device.cpp:51] [Device] OS Version: Linux 6.12.47+rpt-rpi-2712 #1 SMP PREEMPT Debian 1:6.12.47-1+rpt1 (2025-09-16) aarch64
[2026-01-29 18:45:49.569] [1263] [HailoRT] [info] [control.cpp:113] [control__parse_identify_results] firmware_version is: 4.23.0
[2026-01-29 18:45:49.569] [1263] [HailoRT] [info] [control.cpp:113] [control__parse_identify_results] firmware_version is: 4.23.0
[2026-01-29 18:45:55.423] [1279] [HailoRT] [info] [device.cpp:51] [Device] OS Version: Linux 6.12.47+rpt-rpi-2712 #1 SMP PREEMPT Debian 1:6.12.47-1+rpt1 (2025-09-16) aarch64
[2026-01-29 18:45:55.423] [1279] [HailoRT] [info] [control.cpp:113] [control__parse_identify_results] firmware_version is: 4.23.0
[2026-01-29 18:45:55.423] [1279] [HailoRT] [info] [control.cpp:113] [control__parse_identify_results] firmware_version is: 4.23.0
[2026-01-29 18:46:37.168] [1310] [HailoRT] [info] [vdevice.cpp:535] [create] Creating vdevice with params: device_count: 1, scheduling_algorithm: ROUND_ROBIN, multi_process_service: false
[2026-01-29 18:46:37.181] [1310] [HailoRT] [info] [device.cpp:51] [Device] OS Version: Linux 6.12.47+rpt-rpi-2712 #1 SMP PREEMPT Debian 1:6.12.47-1+rpt1 (2025-09-16) aarch64
[2026-01-29 18:46:37.181] [1310] [HailoRT] [info] [control.cpp:113] [control__parse_identify_results] firmware_version is: 4.23.0
[2026-01-29 18:46:37.182] [1310] [HailoRT] [info] [vdevice.cpp:682] [create] VDevice Infos: 0001:01:00.0
[2026-01-29 18:46:37.316] [1310] [HailoRT] [info] [hef.cpp:1994] [get_network_group_and_network_name] No name was given. Addressing all networks of default network_group: yolov6n
[2026-01-29 18:46:37.316] [1310] [HailoRT] [info] [hef.cpp:1994] [get_network_group_and_network_name] No name was given. Addressing all networks of default network_group: yolov6n
[2026-01-29 18:46:37.325] [1310] [HailoRT] [info] [internal_buffer_manager.cpp:75] [print_execution_results] Default Internal buffer planner failed to meet requirements
[2026-01-29 18:46:37.325] [1310] [HailoRT] [info] [internal_buffer_manager.cpp:86] [print_execution_results] Default Internal buffer planner executed successfully
[2026-01-29 18:46:37.355] [1310] [HailoRT] [info] [device_internal.cpp:57] [configure] Configuring HEF took 16.651869 milliseconds
[2026-01-29 18:46:37.356] [1310] [HailoRT] [info] [vdevice.cpp:780] [configure] Configuring HEF on VDevice took 39.935322 milliseconds
[2026-01-29 18:46:37.356] [1310] [HailoRT] [info] [infer_model.cpp:417] [configure] Configuring network group 'yolov6n' with params: batch size: 0, power mode: PERFORMANCE, latency: MEASURE
[2026-01-29 18:46:37.380] [1310] [HailoRT] [info] [multi_io_elements.cpp:754] [create] Created (AsyncHwEl)
[2026-01-29 18:46:37.380] [1310] [HailoRT] [info] [queue_elements.cpp:450] [create] Created (EntryPushQEl0yolov6n/input_layer1 | timeout: 10s)
[2026-01-29 18:46:37.380] [1310] [HailoRT] [info] [filter_elements.cpp:101] [create] Created (PreInferEl3yolov6n/input_layer1 | Reorder - src_order: NHWC, src_shape: (640, 640, 3), dst_order: NHCW, dst_shape: (640, 640, 3))
[2026-01-29 18:46:37.380] [1310] [HailoRT] [info] [queue_elements.cpp:450] [create] Created (PushQEl3yolov6n/input_layer1 | timeout: 10s)
[2026-01-29 18:46:37.381] [1310] [HailoRT] [info] [multi_io_elements.cpp:135] [create] Created (NmsPPMuxEl0YOLOX-Post-Process | Op YOLOX, Name: YOLOX-Post-Process, Score threshold: 0.200, IoU threshold: 0.65, Classes: 80, Max bboxes per class: 100, Image height: 640, Image width: 640)
[2026-01-29 18:46:37.425] [1310] [HailoRT] [info] [queue_elements.cpp:942] [create] Created (MultiPushQEl0YOLOX-Post-Process | timeout: 10s)
[2026-01-29 18:46:37.425] [1310] [HailoRT] [info] [edge_elements.cpp:187] [create] Created (LastAsyncEl0NmsPPMuxEl0YOLOX-Post-Process)
[2026-01-29 18:46:37.425] [1310] [HailoRT] [info] [pipeline.cpp:891] [print_deep_description] EntryPushQEl0yolov6n/input_layer1 | inputs: user | outputs: PreInferEl3yolov6n/input_layer1(running in thread_id: 1330)
[2026-01-29 18:46:37.426] [1310] [HailoRT] [info] [pipeline.cpp:891] [print_deep_description] PreInferEl3yolov6n/input_layer1 | inputs: EntryPushQEl0yolov6n/input_layer1[0] | outputs: PushQEl3yolov6n/input_layer1
[2026-01-29 18:46:37.426] [1310] [HailoRT] [info] [pipeline.cpp:891] [print_deep_description] PushQEl3yolov6n/input_layer1 | inputs: PreInferEl3yolov6n/input_layer1[0] | outputs: AsyncHwEl(running in thread_id: 1331)
[2026-01-29 18:46:37.426] [1310] [HailoRT] [info] [pipeline.cpp:891] [print_deep_description] AsyncHwEl | inputs: PushQEl3yolov6n/input_layer1[0] | outputs: MultiPushQEl0YOLOX-Post-Process MultiPushQEl0YOLOX-Post-Process MultiPushQEl0YOLOX-Post-Process MultiPushQEl0YOLOX-Post-Process MultiPushQEl0YOLOX-Post-Process MultiPushQEl0YOLOX-Post-Process MultiPushQEl0YOLOX-Post-Process MultiPushQEl0YOLOX-Post-Process MultiPushQEl0YOLOX-Post-Process
[2026-01-29 18:46:37.426] [1310] [HailoRT] [info] [pipeline.cpp:891] [print_deep_description] MultiPushQEl0YOLOX-Post-Process | inputs: AsyncHwEl[0] AsyncHwEl[1] AsyncHwEl[2] AsyncHwEl[3] AsyncHwEl[4] AsyncHwEl[5] AsyncHwEl[6] AsyncHwEl[7] AsyncHwEl[8] | outputs: NmsPPMuxEl0YOLOX-Post-Process(running in thread_id: 1332)
[2026-01-29 18:46:37.426] [1310] [HailoRT] [info] [pipeline.cpp:891] [print_deep_description] NmsPPMuxEl0YOLOX-Post-Process | inputs: MultiPushQEl0YOLOX-Post-Process[0] | outputs: LastAsyncEl0NmsPPMuxEl0YOLOX-Post-Process
[2026-01-29 18:46:37.426] [1310] [HailoRT] [info] [pipeline.cpp:891] [print_deep_description] LastAsyncEl0NmsPPMuxEl0YOLOX-Post-Process | inputs: NmsPPMuxEl0YOLOX-Post-Process[0] | outputs: user
[2026-01-29 18:46:42.513] [1310] [HailoRT] [info] [async_infer_runner.cpp:86] [shutdown] Pipeline was aborted. Shutting it down
[2026-01-29 18:46:42.513] [1310] [HailoRT] [info] [async_infer_runner.cpp:86] [shutdown] Pipeline was aborted. Shutting it down
[2026-01-29 18:46:42.513] [1310] [HailoRT] [info] [queue_elements.cpp:1131] [execute_deactivate] enqueue() in element MultiPushQEl0YOLOX-Post-Process was aborted, got status = HAILO_SHUTDOWN_EVENT_SIGNALED(57)
[2026-01-29 18:46:42.514] [1310] [HailoRT] [info] [queue_elements.cpp:1131] [execute_deactivate] enqueue() in element MultiPushQEl0YOLOX-Post-Process was aborted, got status = HAILO_SHUTDOWN_EVENT_SIGNALED(57)
[2026-01-29 18:46:42.514] [1310] [HailoRT] [info] [queue_elements.cpp:1131] [execute_deactivate] enqueue() in element MultiPushQEl0YOLOX-Post-Process was aborted, got status = HAILO_SHUTDOWN_EVENT_SIGNALED(57)
[2026-01-29 18:46:42.514] [1310] [HailoRT] [info] [queue_elements.cpp:1131] [execute_deactivate] enqueue() in element MultiPushQEl0YOLOX-Post-Process was aborted, got status = HAILO_SHUTDOWN_EVENT_SIGNALED(57)
[2026-01-29 18:46:42.514] [1310] [HailoRT] [info] [queue_elements.cpp:1131] [execute_deactivate] enqueue() in element MultiPushQEl0YOLOX-Post-Process was aborted, got status = HAILO_SHUTDOWN_EVENT_SIGNALED(57)
[2026-01-29 18:46:42.514] [1310] [HailoRT] [info] [queue_elements.cpp:1131] [execute_deactivate] enqueue() in element MultiPushQEl0YOLOX-Post-Process was aborted, got status = HAILO_SHUTDOWN_EVENT_SIGNALED(57)
[2026-01-29 18:46:42.514] [1310] [HailoRT] [info] [queue_elements.cpp:1131] [execute_deactivate] enqueue() in element MultiPushQEl0YOLOX-Post-Process was aborted, got status = HAILO_SHUTDOWN_EVENT_SIGNALED(57)
[2026-01-29 18:46:42.514] [1310] [HailoRT] [info] [queue_elements.cpp:1131] [execute_deactivate] enqueue() in element MultiPushQEl0YOLOX-Post-Process was aborted, got status = HAILO_SHUTDOWN_EVENT_SIGNALED(57)
[2026-01-29 18:46:42.514] [1310] [HailoRT] [info] [queue_elements.cpp:1131] [execute_deactivate] enqueue() in element MultiPushQEl0YOLOX-Post-Process was aborted, got status = HAILO_SHUTDOWN_EVENT_SIGNALED(57)
[2026-01-29 18:46:42.514] [1310] [HailoRT] [info] [queue_elements.cpp:570] [execute_deactivate] enqueue() in element PushQEl3yolov6n/input_layer1 was aborted, got status = HAILO_SHUTDOWN_EVENT_SIGNALED(57)
[2026-01-29 18:46:42.514] [1310] [HailoRT] [info] [queue_elements.cpp:570] [execute_deactivate] enqueue() in element EntryPushQEl0yolov6n/input_layer1 was aborted, got status = HAILO_SHUTDOWN_EVENT_SIGNALED(57)
[2026-01-29 18:46:42.514] [1310] [HailoRT] [info] [queue_elements.cpp:46] [~BaseQueueElement] Queue element EntryPushQEl0yolov6n/input_layer1 has 0 frames in his Queue on destruction
[2026-01-29 18:46:42.514] [1310] [HailoRT] [info] [queue_elements.cpp:46] [~BaseQueueElement] Queue element PushQEl3yolov6n/input_layer1 has 0 frames in his Queue on destruction
[2026-01-29 18:46:47.941] [1479] [HailoRT] [info] [vdevice.cpp:535] [create] Creating vdevice with params: device_count: 1, scheduling_algorithm: ROUND_ROBIN, multi_process_service: false
[2026-01-29 18:46:47.953] [1479] [HailoRT] [info] [device.cpp:51] [Device] OS Version: Linux 6.12.47+rpt-rpi-2712 #1 SMP PREEMPT Debian 1:6.12.47-1+rpt1 (2025-09-16) aarch64
[2026-01-29 18:46:47.953] [1479] [HailoRT] [info] [control.cpp:113] [control__parse_identify_results] firmware_version is: 4.23.0
[2026-01-29 18:46:47.953] [1479] [HailoRT] [info] [vdevice.cpp:682] [create] VDevice Infos: 0001:01:00.0
[2026-01-29 18:46:47.999] [1479] [HailoRT] [info] [hef.cpp:1994] [get_network_group_and_network_name] No name was given. Addressing all networks of default network_group: yolov6n
[2026-01-29 18:46:47.999] [1479] [HailoRT] [info] [hef.cpp:1994] [get_network_group_and_network_name] No name was given. Addressing all networks of default network_group: yolov6n
[2026-01-29 18:46:48.005] [1479] [HailoRT] [info] [internal_buffer_manager.cpp:75] [print_execution_results] Default Internal buffer planner failed to meet requirements
[2026-01-29 18:46:48.005] [1479] [HailoRT] [info] [internal_buffer_manager.cpp:86] [print_execution_results] Default Internal buffer planner executed successfully
[2026-01-29 18:46:48.013] [1479] [HailoRT] [info] [device_internal.cpp:57] [configure] Configuring HEF took 13.025457 milliseconds
[2026-01-29 18:46:48.013] [1479] [HailoRT] [info] [vdevice.cpp:780] [configure] Configuring HEF on VDevice took 13.371084 milliseconds
[2026-01-29 18:46:48.013] [1479] [HailoRT] [info] [infer_model.cpp:417] [configure] Configuring network group 'yolov6n' with params: batch size: 0, power mode: PERFORMANCE, latency: MEASURE
[2026-01-29 18:46:48.013] [1479] [HailoRT] [info] [multi_io_elements.cpp:754] [create] Created (AsyncHwEl)
[2026-01-29 18:46:48.013] [1479] [HailoRT] [info] [queue_elements.cpp:450] [create] Created (EntryPushQEl0yolov6n/input_layer1 | timeout: 10s)
[2026-01-29 18:46:48.013] [1479] [HailoRT] [info] [filter_elements.cpp:101] [create] Created (PreInferEl3yolov6n/input_layer1 | Reorder - src_order: NHWC, src_shape: (640, 640, 3), dst_order: NHCW, dst_shape: (640, 640, 3))
[2026-01-29 18:46:48.013] [1479] [HailoRT] [info] [queue_elements.cpp:450] [create] Created (PushQEl3yolov6n/input_layer1 | timeout: 10s)
[2026-01-29 18:46:48.013] [1479] [HailoRT] [info] [multi_io_elements.cpp:135] [create] Created (NmsPPMuxEl0YOLOX-Post-Process | Op YOLOX, Name: YOLOX-Post-Process, Score threshold: 0.200, IoU threshold: 0.65, Classes: 80, Max bboxes per class: 100, Image height: 640, Image width: 640)
[2026-01-29 18:46:48.037] [1479] [HailoRT] [info] [queue_elements.cpp:942] [create] Created (MultiPushQEl0YOLOX-Post-Process | timeout: 10s)
[2026-01-29 18:46:48.037] [1479] [HailoRT] [info] [edge_elements.cpp:187] [create] Created (LastAsyncEl0NmsPPMuxEl0YOLOX-Post-Process)
[2026-01-29 18:46:48.037] [1479] [HailoRT] [info] [pipeline.cpp:891] [print_deep_description] EntryPushQEl0yolov6n/input_layer1 | inputs: user | outputs: PreInferEl3yolov6n/input_layer1(running in thread_id: 1499)
[2026-01-29 18:46:48.037] [1479] [HailoRT] [info] [pipeline.cpp:891] [print_deep_description] PreInferEl3yolov6n/input_layer1 | inputs: EntryPushQEl0yolov6n/input_layer1[0] | outputs: PushQEl3yolov6n/input_layer1
[2026-01-29 18:46:48.037] [1479] [HailoRT] [info] [pipeline.cpp:891] [print_deep_description] PushQEl3yolov6n/input_layer1 | inputs: PreInferEl3yolov6n/input_layer1[0] | outputs: AsyncHwEl(running in thread_id: 1500)
[2026-01-29 18:46:48.037] [1479] [HailoRT] [info] [pipeline.cpp:891] [print_deep_description] AsyncHwEl | inputs: PushQEl3yolov6n/input_layer1[0] | outputs: MultiPushQEl0YOLOX-Post-Process MultiPushQEl0YOLOX-Post-Process MultiPushQEl0YOLOX-Post-Process MultiPushQEl0YOLOX-Post-Process MultiPushQEl0YOLOX-Post-Process MultiPushQEl0YOLOX-Post-Process MultiPushQEl0YOLOX-Post-Process MultiPushQEl0YOLOX-Post-Process MultiPushQEl0YOLOX-Post-Process
[2026-01-29 18:46:48.037] [1479] [HailoRT] [info] [pipeline.cpp:891] [print_deep_description] MultiPushQEl0YOLOX-Post-Process | inputs: AsyncHwEl[0] AsyncHwEl[1] AsyncHwEl[2] AsyncHwEl[3] AsyncHwEl[4] AsyncHwEl[5] AsyncHwEl[6] AsyncHwEl[7] AsyncHwEl[8] | outputs: NmsPPMuxEl0YOLOX-Post-Process(running in thread_id: 1501)
[2026-01-29 18:46:48.037] [1479] [HailoRT] [info] [pipeline.cpp:891] [print_deep_description] NmsPPMuxEl0YOLOX-Post-Process | inputs: MultiPushQEl0YOLOX-Post-Process[0] | outputs: LastAsyncEl0NmsPPMuxEl0YOLOX-Post-Process
[2026-01-29 18:46:48.037] [1479] [HailoRT] [info] [pipeline.cpp:891] [print_deep_description] LastAsyncEl0NmsPPMuxEl0YOLOX-Post-Process | inputs: NmsPPMuxEl0YOLOX-Post-Process[0] | outputs: user
[2026-01-29 18:46:51.306] [1479] [HailoRT] [info] [async_infer_runner.cpp:86] [shutdown] Pipeline was aborted. Shutting it down
[2026-01-29 18:46:51.306] [1479] [HailoRT] [info] [async_infer_runner.cpp:86] [shutdown] Pipeline was aborted. Shutting it down
[2026-01-29 18:46:51.306] [1479] [HailoRT] [info] [queue_elements.cpp:1131] [execute_deactivate] enqueue() in element MultiPushQEl0YOLOX-Post-Process was aborted, got status = HAILO_SHUTDOWN_EVENT_SIGNALED(57)
[2026-01-29 18:46:51.307] [1479] [HailoRT] [info] [queue_elements.cpp:1131] [execute_deactivate] enqueue() in element MultiPushQEl0YOLOX-Post-Process was aborted, got status = HAILO_SHUTDOWN_EVENT_SIGNALED(57)
[2026-01-29 18:46:51.307] [1479] [HailoRT] [info] [queue_elements.cpp:1131] [execute_deactivate] enqueue() in element MultiPushQEl0YOLOX-Post-Process was aborted, got status = HAILO_SHUTDOWN_EVENT_SIGNALED(57)
[2026-01-29 18:46:51.307] [1479] [HailoRT] [info] [queue_elements.cpp:1131] [execute_deactivate] enqueue() in element MultiPushQEl0YOLOX-Post-Process was aborted, got status = HAILO_SHUTDOWN_EVENT_SIGNALED(57)
[2026-01-29 18:46:51.307] [1479] [HailoRT] [info] [queue_elements.cpp:1131] [execute_deactivate] enqueue() in element MultiPushQEl0YOLOX-Post-Process was aborted, got status = HAILO_SHUTDOWN_EVENT_SIGNALED(57)
[2026-01-29 18:46:51.307] [1479] [HailoRT] [info] [queue_elements.cpp:1131] [execute_deactivate] enqueue() in element MultiPushQEl0YOLOX-Post-Process was aborted, got status = HAILO_SHUTDOWN_EVENT_SIGNALED(57)
[2026-01-29 18:46:51.307] [1479] [HailoRT] [info] [queue_elements.cpp:1131] [execute_deactivate] enqueue() in element MultiPushQEl0YOLOX-Post-Process was aborted, got status = HAILO_SHUTDOWN_EVENT_SIGNALED(57)
[2026-01-29 18:46:51.307] [1479] [HailoRT] [info] [queue_elements.cpp:1131] [execute_deactivate] enqueue() in element MultiPushQEl0YOLOX-Post-Process was aborted, got status = HAILO_SHUTDOWN_EVENT_SIGNALED(57)
[2026-01-29 18:46:51.307] [1479] [HailoRT] [info] [queue_elements.cpp:1131] [execute_deactivate] enqueue() in element MultiPushQEl0YOLOX-Post-Process was aborted, got status = HAILO_SHUTDOWN_EVENT_SIGNALED(57)
[2026-01-29 18:46:51.307] [1479] [HailoRT] [info] [queue_elements.cpp:570] [execute_deactivate] enqueue() in element PushQEl3yolov6n/input_layer1 was aborted, got status = HAILO_SHUTDOWN_EVENT_SIGNALED(57)
[2026-01-29 18:46:51.307] [1479] [HailoRT] [info] [queue_elements.cpp:570] [execute_deactivate] enqueue() in element EntryPushQEl0yolov6n/input_layer1 was aborted, got status = HAILO_SHUTDOWN_EVENT_SIGNALED(57)
[2026-01-29 18:46:51.307] [1479] [HailoRT] [info] [queue_elements.cpp:46] [~BaseQueueElement] Queue element EntryPushQEl0yolov6n/input_layer1 has 0 frames in his Queue on destruction
[2026-01-29 18:46:51.307] [1479] [HailoRT] [info] [queue_elements.cpp:46] [~BaseQueueElement] Queue element PushQEl3yolov6n/input_layer1 has 0 frames in his Queue on destruction
[2026-01-29 18:46:56.647] [1541] [HailoRT] [info] [vdevice.cpp:535] [create] Creating vdevice with params: device_count: 1, scheduling_algorithm: ROUND_ROBIN, multi_process_service: false
[2026-01-29 18:46:56.660] [1541] [HailoRT] [info] [device.cpp:51] [Device] OS Version: Linux 6.12.47+rpt-rpi-2712 #1 SMP PREEMPT Debian 1:6.12.47-1+rpt1 (2025-09-16) aarch64
[2026-01-29 18:46:56.660] [1541] [HailoRT] [info] [control.cpp:113] [control__parse_identify_results] firmware_version is: 4.23.0
[2026-01-29 18:46:56.660] [1541] [HailoRT] [info] [vdevice.cpp:682] [create] VDevice Infos: 0001:01:00.0
[2026-01-29 18:46:56.707] [1541] [HailoRT] [info] [hef.cpp:1994] [get_network_group_and_network_name] No name was given. Addressing all networks of default network_group: yolov6n
[2026-01-29 18:46:56.707] [1541] [HailoRT] [info] [hef.cpp:1994] [get_network_group_and_network_name] No name was given. Addressing all networks of default network_group: yolov6n
[2026-01-29 18:46:56.712] [1541] [HailoRT] [info] [internal_buffer_manager.cpp:75] [print_execution_results] Default Internal buffer planner failed to meet requirements
[2026-01-29 18:46:56.712] [1541] [HailoRT] [info] [internal_buffer_manager.cpp:86] [print_execution_results] Default Internal buffer planner executed successfully
[2026-01-29 18:46:56.721] [1541] [HailoRT] [info] [device_internal.cpp:57] [configure] Configuring HEF took 14.056179 milliseconds
[2026-01-29 18:46:56.721] [1541] [HailoRT] [info] [vdevice.cpp:780] [configure] Configuring HEF on VDevice took 14.442491 milliseconds
[2026-01-29 18:46:56.721] [1541] [HailoRT] [info] [infer_model.cpp:417] [configure] Configuring network group 'yolov6n' with params: batch size: 0, power mode: PERFORMANCE, latency: MEASURE
[2026-01-29 18:46:56.721] [1541] [HailoRT] [info] [multi_io_elements.cpp:754] [create] Created (AsyncHwEl)
[2026-01-29 18:46:56.721] [1541] [HailoRT] [info] [queue_elements.cpp:450] [create] Created (EntryPushQEl0yolov6n/input_layer1 | timeout: 10s)
[2026-01-29 18:46:56.721] [1541] [HailoRT] [info] [filter_elements.cpp:101] [create] Created (PreInferEl3yolov6n/input_layer1 | Reorder - src_order: NHWC, src_shape: (640, 640, 3), dst_order: NHCW, dst_shape: (640, 640, 3))
[2026-01-29 18:46:56.721] [1541] [HailoRT] [info] [queue_elements.cpp:450] [create] Created (PushQEl3yolov6n/input_layer1 | timeout: 10s)
[2026-01-29 18:46:56.722] [1541] [HailoRT] [info] [multi_io_elements.cpp:135] [create] Created (NmsPPMuxEl0YOLOX-Post-Process | Op YOLOX, Name: YOLOX-Post-Process, Score threshold: 0.200, IoU threshold: 0.65, Classes: 80, Max bboxes per class: 100, Image height: 640, Image width: 640)
[2026-01-29 18:46:56.753] [1541] [HailoRT] [info] [queue_elements.cpp:942] [create] Created (MultiPushQEl0YOLOX-Post-Process | timeout: 10s)
[2026-01-29 18:46:56.753] [1541] [HailoRT] [info] [edge_elements.cpp:187] [create] Created (LastAsyncEl0NmsPPMuxEl0YOLOX-Post-Process)
[2026-01-29 18:46:56.753] [1541] [HailoRT] [info] [pipeline.cpp:891] [print_deep_description] EntryPushQEl0yolov6n/input_layer1 | inputs: user | outputs: PreInferEl3yolov6n/input_layer1(running in thread_id: 1562)
[2026-01-29 18:46:56.753] [1541] [HailoRT] [info] [pipeline.cpp:891] [print_deep_description] PreInferEl3yolov6n/input_layer1 | inputs: EntryPushQEl0yolov6n/input_layer1[0] | outputs: PushQEl3yolov6n/input_layer1
[2026-01-29 18:46:56.753] [1541] [HailoRT] [info] [pipeline.cpp:891] [print_deep_description] PushQEl3yolov6n/input_layer1 | inputs: PreInferEl3yolov6n/input_layer1[0] | outputs: AsyncHwEl(running in thread_id: 1563)
[2026-01-29 18:46:56.753] [1541] [HailoRT] [info] [pipeline.cpp:891] [print_deep_description] AsyncHwEl | inputs: PushQEl3yolov6n/input_layer1[0] | outputs: MultiPushQEl0YOLOX-Post-Process MultiPushQEl0YOLOX-Post-Process MultiPushQEl0YOLOX-Post-Process MultiPushQEl0YOLOX-Post-Process MultiPushQEl0YOLOX-Post-Process MultiPushQEl0YOLOX-Post-Process MultiPushQEl0YOLOX-Post-Process MultiPushQEl0YOLOX-Post-Process MultiPushQEl0YOLOX-Post-Process
[2026-01-29 18:46:56.753] [1541] [HailoRT] [info] [pipeline.cpp:891] [print_deep_description] MultiPushQEl0YOLOX-Post-Process | inputs: AsyncHwEl[0] AsyncHwEl[1] AsyncHwEl[2] AsyncHwEl[3] AsyncHwEl[4] AsyncHwEl[5] AsyncHwEl[6] AsyncHwEl[7] AsyncHwEl[8] | outputs: NmsPPMuxEl0YOLOX-Post-Process(running in thread_id: 1564)
[2026-01-29 18:46:56.753] [1541] [HailoRT] [info] [pipeline.cpp:891] [print_deep_description] NmsPPMuxEl0YOLOX-Post-Process | inputs: MultiPushQEl0YOLOX-Post-Process[0] | outputs: LastAsyncEl0NmsPPMuxEl0YOLOX-Post-Process
[2026-01-29 18:46:56.753] [1541] [HailoRT] [info] [pipeline.cpp:891] [print_deep_description] LastAsyncEl0NmsPPMuxEl0YOLOX-Post-Process | inputs: NmsPPMuxEl0YOLOX-Post-Process[0] | outputs: user
[2026-01-29 18:47:04.996] [1541] [HailoRT] [info] [async_infer_runner.cpp:86] [shutdown] Pipeline was aborted. Shutting it down
[2026-01-29 18:47:04.997] [1541] [HailoRT] [info] [async_infer_runner.cpp:86] [shutdown] Pipeline was aborted. Shutting it down
[2026-01-29 18:47:04.997] [1541] [HailoRT] [info] [queue_elements.cpp:1131] [execute_deactivate] enqueue() in element MultiPushQEl0YOLOX-Post-Process was aborted, got status = HAILO_SHUTDOWN_EVENT_SIGNALED(57)
[2026-01-29 18:47:04.997] [1541] [HailoRT] [info] [queue_elements.cpp:1131] [execute_deactivate] enqueue() in element MultiPushQEl0YOLOX-Post-Process was aborted, got status = HAILO_SHUTDOWN_EVENT_SIGNALED(57)
[2026-01-29 18:47:04.997] [1541] [HailoRT] [info] [queue_elements.cpp:1131] [execute_deactivate] enqueue() in element MultiPushQEl0YOLOX-Post-Process was aborted, got status = HAILO_SHUTDOWN_EVENT_SIGNALED(57)
[2026-01-29 18:47:04.997] [1541] [HailoRT] [info] [queue_elements.cpp:1131] [execute_deactivate] enqueue() in element MultiPushQEl0YOLOX-Post-Process was aborted, got status = HAILO_SHUTDOWN_EVENT_SIGNALED(57)
[2026-01-29 18:47:04.997] [1541] [HailoRT] [info] [queue_elements.cpp:1131] [execute_deactivate] enqueue() in element MultiPushQEl0YOLOX-Post-Process was aborted, got status = HAILO_SHUTDOWN_EVENT_SIGNALED(57)
[2026-01-29 18:47:04.997] [1541] [HailoRT] [info] [queue_elements.cpp:1131] [execute_deactivate] enqueue() in element MultiPushQEl0YOLOX-Post-Process was aborted, got status = HAILO_SHUTDOWN_EVENT_SIGNALED(57)
[2026-01-29 18:47:04.997] [1541] [HailoRT] [info] [queue_elements.cpp:1131] [execute_deactivate] enqueue() in element MultiPushQEl0YOLOX-Post-Process was aborted, got status = HAILO_SHUTDOWN_EVENT_SIGNALED(57)
[2026-01-29 18:47:04.997] [1541] [HailoRT] [info] [queue_elements.cpp:1131] [execute_deactivate] enqueue() in element MultiPushQEl0YOLOX-Post-Process was aborted, got status = HAILO_SHUTDOWN_EVENT_SIGNALED(57)
[2026-01-29 18:47:04.997] [1541] [HailoRT] [info] [queue_elements.cpp:1131] [execute_deactivate] enqueue() in element MultiPushQEl0YOLOX-Post-Process was aborted, got status = HAILO_SHUTDOWN_EVENT_SIGNALED(57)
[2026-01-29 18:47:04.997] [1541] [HailoRT] [info] [queue_elements.cpp:570] [execute_deactivate] enqueue() in element PushQEl3yolov6n/input_layer1 was aborted, got status = HAILO_SHUTDOWN_EVENT_SIGNALED(57)
[2026-01-29 18:47:04.997] [1541] [HailoRT] [info] [queue_elements.cpp:570] [execute_deactivate] enqueue() in element EntryPushQEl0yolov6n/input_layer1 was aborted, got status = HAILO_SHUTDOWN_EVENT_SIGNALED(57)
[2026-01-29 18:47:04.997] [1541] [HailoRT] [info] [queue_elements.cpp:46] [~BaseQueueElement] Queue element EntryPushQEl0yolov6n/input_layer1 has 0 frames in his Queue on destruction
[2026-01-29 18:47:04.997] [1541] [HailoRT] [info] [queue_elements.cpp:46] [~BaseQueueElement] Queue element PushQEl3yolov6n/input_layer1 has 0 frames in his Queue on destruction
[2026-01-29 18:47:19.394] [1691] [HailoRT] [info] [vdevice.cpp:535] [create] Creating vdevice with params: device_count: 1, scheduling_algorithm: NONE, multi_process_service: false
[2026-01-29 18:47:19.405] [1691] [HailoRT] [info] [device.cpp:51] [Device] OS Version: Linux 6.12.47+rpt-rpi-2712 #1 SMP PREEMPT Debian 1:6.12.47-1+rpt1 (2025-09-16) aarch64
[2026-01-29 18:47:19.405] [1691] [HailoRT] [info] [control.cpp:113] [control__parse_identify_results] firmware_version is: 4.23.0
[2026-01-29 18:47:19.405] [1691] [HailoRT] [info] [vdevice.cpp:682] [create] VDevice Infos: 0001:01:00.0
[2026-01-29 18:47:19.411] [1691] [HailoRT] [info] [internal_buffer_manager.cpp:75] [print_execution_results] Default Internal buffer planner failed to meet requirements
[2026-01-29 18:47:19.411] [1691] [HailoRT] [info] [internal_buffer_manager.cpp:86] [print_execution_results] Default Internal buffer planner executed successfully
[2026-01-29 18:47:19.429] [1691] [HailoRT] [info] [device_internal.cpp:57] [configure] Configuring HEF took 24.108677 milliseconds
[2026-01-29 18:47:19.430] [1691] [HailoRT] [info] [vdevice.cpp:780] [configure] Configuring HEF on VDevice took 24.541013 milliseconds
[2026-01-29 18:47:19.430] [1691] [HailoRT] [info] [control.cpp:113] [control__parse_identify_results] firmware_version is: 4.23.0
[2026-01-29 18:47:19.430] [1691] [HailoRT] [info] [control.cpp:113] [control__parse_identify_results] firmware_version is: 4.23.0
[2026-01-29 18:47:19.431] [1691] [HailoRT] [info] [core_op.cpp:156] [activate] Activating yolov6n took 0.752475 milliseconds. Note that the function is asynchronous and thus the network is not fully activated yet.
[2026-01-29 18:47:19.431] [1691] [HailoRT] [info] [core_op.cpp:156] [activate] Activating yolov6n took 0.763999 milliseconds. Note that the function is asynchronous and thus the network is not fully activated yet.
[2026-01-29 18:47:19.447] [1691] [HailoRT] [info] [control.cpp:113] [control__parse_identify_results] firmware_version is: 4.23.0
[2026-01-29 18:47:19.448] [1691] [HailoRT] [info] [control.cpp:113] [control__parse_identify_results] firmware_version is: 4.23.0
[2026-01-29 18:47:24.451] [1705] [HailoRT] [info] [vdevice_native_stream.cpp:331] [read_impl] Failed read from stream HAILO_STREAM_ABORT(63) (device: 0001:01:00.0)
[2026-01-29 18:47:24.451] [1699] [HailoRT] [info] [vdevice_native_stream.cpp:331] [read_impl] Failed read from stream HAILO_STREAM_ABORT(63) (device: 0001:01:00.0)
[2026-01-29 18:47:24.451] [1708] [HailoRT] [info] [vdevice_native_stream.cpp:142] [write_impl] Failed write to stream yolov6n/input_layer1 (device: 0001:01:00.0) with status=HAILO_STREAM_ABORT(63)
[2026-01-29 18:47:24.451] [1700] [HailoRT] [info] [vdevice_native_stream.cpp:331] [read_impl] Failed read from stream HAILO_STREAM_ABORT(63) (device: 0001:01:00.0)
[2026-01-29 18:47:24.451] [1702] [HailoRT] [info] [vdevice_native_stream.cpp:331] [read_impl] Failed read from stream HAILO_STREAM_ABORT(63) (device: 0001:01:00.0)
[2026-01-29 18:47:24.451] [1701] [HailoRT] [info] [vdevice_native_stream.cpp:331] [read_impl] Failed read from stream HAILO_STREAM_ABORT(63) (device: 0001:01:00.0)
[2026-01-29 18:47:24.451] [1704] [HailoRT] [info] [vdevice_native_stream.cpp:331] [read_impl] Failed read from stream HAILO_STREAM_ABORT(63) (device: 0001:01:00.0)
[2026-01-29 18:47:24.451] [1706] [HailoRT] [info] [vdevice_native_stream.cpp:331] [read_impl] Failed read from stream HAILO_STREAM_ABORT(63) (device: 0001:01:00.0)
[2026-01-29 18:47:24.451] [1707] [HailoRT] [info] [vdevice_native_stream.cpp:331] [read_impl] Failed read from stream HAILO_STREAM_ABORT(63) (device: 0001:01:00.0)
[2026-01-29 18:47:24.451] [1703] [HailoRT] [info] [vdevice_native_stream.cpp:331] [read_impl] Failed read from stream HAILO_STREAM_ABORT(63) (device: 0001:01:00.0)
[2026-01-29 18:47:24.457] [1691] [HailoRT] [info] [core_op.cpp:186] [deactivate] Deactivating took 0.006782 ms
[2026-01-29 18:47:24.457] [1691] [HailoRT] [info] [core_op.cpp:186] [deactivate] Deactivating took 0.022882 ms
[2026-01-29 18:47:24.521] [1691] [HailoRT] [info] [vdevice.cpp:535] [create] Creating vdevice with params: device_count: 1, scheduling_algorithm: NONE, multi_process_service: false
[2026-01-29 18:47:24.533] [1691] [HailoRT] [info] [device.cpp:51] [Device] OS Version: Linux 6.12.47+rpt-rpi-2712 #1 SMP PREEMPT Debian 1:6.12.47-1+rpt1 (2025-09-16) aarch64
[2026-01-29 18:47:24.533] [1691] [HailoRT] [info] [control.cpp:113] [control__parse_identify_results] firmware_version is: 4.23.0
[2026-01-29 18:47:24.533] [1691] [HailoRT] [info] [vdevice.cpp:682] [create] VDevice Infos: 0001:01:00.0
[2026-01-29 18:47:24.538] [1691] [HailoRT] [info] [internal_buffer_manager.cpp:75] [print_execution_results] Default Internal buffer planner failed to meet requirements
[2026-01-29 18:47:24.538] [1691] [HailoRT] [info] [internal_buffer_manager.cpp:86] [print_execution_results] Default Internal buffer planner executed successfully
[2026-01-29 18:47:24.555] [1691] [HailoRT] [info] [device_internal.cpp:57] [configure] Configuring HEF took 21.800903 milliseconds
[2026-01-29 18:47:24.555] [1691] [HailoRT] [info] [vdevice.cpp:780] [configure] Configuring HEF on VDevice took 22.211343 milliseconds
[2026-01-29 18:47:24.555] [1691] [HailoRT] [info] [control.cpp:113] [control__parse_identify_results] firmware_version is: 4.23.0
[2026-01-29 18:47:24.556] [1691] [HailoRT] [info] [control.cpp:113] [control__parse_identify_results] firmware_version is: 4.23.0
[2026-01-29 18:47:24.557] [1691] [HailoRT] [info] [core_op.cpp:156] [activate] Activating yolov6n took 0.767593 milliseconds. Note that the function is asynchronous and thus the network is not fully activated yet.
[2026-01-29 18:47:24.557] [1691] [HailoRT] [info] [core_op.cpp:156] [activate] Activating yolov6n took 0.777821 milliseconds. Note that the function is asynchronous and thus the network is not fully activated yet.
[2026-01-29 18:47:24.573] [1691] [HailoRT] [info] [control.cpp:113] [control__parse_identify_results] firmware_version is: 4.23.0
[2026-01-29 18:47:24.573] [1691] [HailoRT] [info] [control.cpp:113] [control__parse_identify_results] firmware_version is: 4.23.0
[2026-01-29 18:47:24.573] [1691] [HailoRT] [info] [edge_elements.cpp:52] [create] Created (HwWriteEl3yolov6n/input_layer1 | hw_frame_size: 1228800)
[2026-01-29 18:47:24.574] [1691] [HailoRT] [info] [queue_elements.cpp:284] [create] Created (PushQEl3yolov6n/input_layer1 | timeout: 10s)
[2026-01-29 18:47:24.574] [1691] [HailoRT] [info] [filter_elements.cpp:101] [create] Created (PreInferEl3yolov6n/input_layer1 | Reorder - src_order: NHWC, src_shape: (640, 640, 3), dst_order: NHCW, dst_shape: (640, 640, 3))
[2026-01-29 18:47:24.574] [1691] [HailoRT] [info] [vstream.cpp:754] [InputVStreamImpl] Creating yolov6n/input_layer1...
[2026-01-29 18:47:24.574] [1691] [HailoRT] [info] [vstream_builder.cpp:102] [create_inputs] Input pipeline 'yolov6n/input_layer1': (PreInferEl3yolov6n/input_layer1 | Reorder - src_order: NHWC, src_shape: (640, 640, 3), dst_order: NHCW, dst_shape: (640, 640, 3)) >> (PushQEl3yolov6n/input_layer1 | timeout: 10s) >> (HwWriteEl3yolov6n/input_layer1 | hw_frame_size: 1228800) >> HW
[2026-01-29 18:47:24.574] [1691] [HailoRT] [info] [multi_io_elements.cpp:135] [create] Created (NmsPPMuxEl0YOLOX-Post-Process | Op YOLOX, Name: YOLOX-Post-Process, Score threshold: 0.200, IoU threshold: 0.65, Classes: 80, Max bboxes per class: 100, Image height: 640, Image width: 640)
[2026-01-29 18:47:24.574] [1691] [HailoRT] [info] [edge_elements.cpp:287] [create] Created (HwReadEl2yolov6n/conv36_70 | hw_frame_size: 512000)
[2026-01-29 18:47:24.574] [1691] [HailoRT] [info] [queue_elements.cpp:657] [create] Created (PullQEl_nms2yolov6n/conv36_70 | timeout: 10s)
[2026-01-29 18:47:24.574] [1691] [HailoRT] [info] [edge_elements.cpp:287] [create] Created (HwReadEl1yolov6n/conv37_70 | hw_frame_size: 25600)
[2026-01-29 18:47:24.574] [1691] [HailoRT] [info] [queue_elements.cpp:657] [create] Created (PullQEl_nms1yolov6n/conv37_70 | timeout: 10s)
[2026-01-29 18:47:24.574] [1691] [HailoRT] [info] [edge_elements.cpp:287] [create] Created (HwReadEl0yolov6n/conv38_70 | hw_frame_size: 6400)
[2026-01-29 18:47:24.574] [1691] [HailoRT] [info] [queue_elements.cpp:657] [create] Created (PullQEl_nms0yolov6n/conv38_70 | timeout: 10s)
[2026-01-29 18:47:24.574] [1691] [HailoRT] [info] [edge_elements.cpp:287] [create] Created (HwReadEl9yolov6n/conv47_70 | hw_frame_size: 128000)
[2026-01-29 18:47:24.574] [1691] [HailoRT] [info] [queue_elements.cpp:657] [create] Created (PullQEl_nms9yolov6n/conv47_70 | timeout: 10s)
[2026-01-29 18:47:24.574] [1691] [HailoRT] [info] [edge_elements.cpp:287] [create] Created (HwReadEl6yolov6n/conv48_70 | hw_frame_size: 6400)
[2026-01-29 18:47:24.574] [1691] [HailoRT] [info] [queue_elements.cpp:657] [create] Created (PullQEl_nms6yolov6n/conv48_70 | timeout: 10s)
[2026-01-29 18:47:24.574] [1691] [HailoRT] [info] [edge_elements.cpp:287] [create] Created (HwReadEl7yolov6n/conv49_70 | hw_frame_size: 1600)
[2026-01-29 18:47:24.574] [1691] [HailoRT] [info] [queue_elements.cpp:657] [create] Created (PullQEl_nms7yolov6n/conv49_70 | timeout: 10s)
[2026-01-29 18:47:24.593] [1691] [HailoRT] [info] [edge_elements.cpp:287] [create] Created (HwReadEl4yolov6n/conv57_70 | hw_frame_size: 38400)
[2026-01-29 18:47:24.593] [1691] [HailoRT] [info] [queue_elements.cpp:657] [create] Created (PullQEl_nms4yolov6n/conv57_70 | timeout: 10s)
[2026-01-29 18:47:24.593] [1691] [HailoRT] [info] [edge_elements.cpp:287] [create] Created (HwReadEl8yolov6n/conv58_70 | hw_frame_size: 1920)
[2026-01-29 18:47:24.593] [1691] [HailoRT] [info] [queue_elements.cpp:657] [create] Created (PullQEl_nms8yolov6n/conv58_70 | timeout: 10s)
[2026-01-29 18:47:24.593] [1691] [HailoRT] [info] [edge_elements.cpp:287] [create] Created (HwReadEl5yolov6n/conv59_70 | hw_frame_size: 480)
[2026-01-29 18:47:24.593] [1691] [HailoRT] [info] [queue_elements.cpp:657] [create] Created (PullQEl_nms5yolov6n/conv59_70 | timeout: 10s)
[2026-01-29 18:47:24.593] [1691] [HailoRT] [info] [queue_elements.cpp:800] [create] Created (UserBufQEl_post_infer0yolov6n/yolox_nms_postprocess | timeout: 10s)
[2026-01-29 18:47:24.593] [1691] [HailoRT] [info] [vstream.cpp:1114] [OutputVStreamImpl] Creating yolov6n/yolox_nms_postprocess...
[2026-01-29 18:47:24.593] [1691] [HailoRT] [info] [vstream_builder.cpp:622] [create_output_post_process_nms] Output pipeline 'yolov6n/yolox_nms_postprocess': HW >> (HwReadEl2yolov6n/conv36_70 | hw_frame_size: 512000) >> (PullQEl_nms2yolov6n/conv36_70) >> (HwReadEl1yolov6n/conv37_70 | hw_frame_size: 25600) >> (PullQEl_nms1yolov6n/conv37_70) >> (HwReadEl0yolov6n/conv38_70 | hw_frame_size: 6400) >> (PullQEl_nms0yolov6n/conv38_70) >> (HwReadEl9yolov6n/conv47_70 | hw_frame_size: 128000) >> (PullQEl_nms9yolov6n/conv47_70) >> (HwReadEl6yolov6n/conv48_70 | hw_frame_size: 6400) >> (PullQEl_nms6yolov6n/conv48_70) >> (HwReadEl7yolov6n/conv49_70 | hw_frame_size: 1600) >> (PullQEl_nms7yolov6n/conv49_70) >> (HwReadEl4yolov6n/conv57_70 | hw_frame_size: 38400) >> (PullQEl_nms4yolov6n/conv57_70) >> (HwReadEl8yolov6n/conv58_70 | hw_frame_size: 1920) >> (PullQEl_nms8yolov6n/conv58_70) >> (HwReadEl5yolov6n/conv59_70 | hw_frame_size: 480) >> (PullQEl_nms5yolov6n/conv59_70) >> (NmsPPMuxEl0YOLOX-Post-Process | Op YOLOX, Name: YOLOX-Post-Process, Score threshold: 0.200, IoU threshold: 0.65, Classes: 80, Max bboxes per class: 100, Image height: 640, Image width: 640) >> (UserBufQEl_post_infer0yolov6n/yolox_nms_postprocess | timeout: 10s)
[2026-01-29 18:47:29.593] [1720] [HailoRT] [info] [vdevice_native_stream.cpp:331] [read_impl] Failed read from stream HAILO_STREAM_ABORT(63) (device: 0001:01:00.0)
[2026-01-29 18:47:29.593] [1716] [HailoRT] [info] [vdevice_native_stream.cpp:331] [read_impl] Failed read from stream HAILO_STREAM_ABORT(63) (device: 0001:01:00.0)
[2026-01-29 18:47:29.593] [1716] [HailoRT] [info] [edge_elements.cpp:396] [run_pull] Reading from stream was aborted!
[2026-01-29 18:47:29.593] [1717] [HailoRT] [info] [vdevice_native_stream.cpp:331] [read_impl] Failed read from stream HAILO_STREAM_ABORT(63) (device: 0001:01:00.0)
[2026-01-29 18:47:29.593] [1717] [HailoRT] [info] [edge_elements.cpp:396] [run_pull] Reading from stream was aborted!
[2026-01-29 18:47:29.593] [1716] [HailoRT] [info] [queue_elements.cpp:738] [run_in_thread] run_pull of queue element PullQEl_nms0yolov6n/conv38_70 was aborted!
[2026-01-29 18:47:29.593] [1721] [HailoRT] [info] [vdevice_native_stream.cpp:331] [read_impl] Failed read from stream HAILO_STREAM_ABORT(63) (device: 0001:01:00.0)
[2026-01-29 18:47:29.593] [1721] [HailoRT] [info] [edge_elements.cpp:396] [run_pull] Reading from stream was aborted!
[2026-01-29 18:47:29.593] [1721] [HailoRT] [info] [queue_elements.cpp:738] [run_in_thread] run_pull of queue element PullQEl_nms8yolov6n/conv58_70 was aborted!
[2026-01-29 18:47:29.593] [1718] [HailoRT] [info] [vdevice_native_stream.cpp:331] [read_impl] Failed read from stream HAILO_STREAM_ABORT(63) (device: 0001:01:00.0)
[2026-01-29 18:47:29.593] [1718] [HailoRT] [info] [edge_elements.cpp:396] [run_pull] Reading from stream was aborted!
[2026-01-29 18:47:29.593] [1720] [HailoRT] [info] [edge_elements.cpp:396] [run_pull] Reading from stream was aborted!
[2026-01-29 18:47:29.593] [1718] [HailoRT] [info] [queue_elements.cpp:738] [run_in_thread] run_pull of queue element PullQEl_nms6yolov6n/conv48_70 was aborted!
[2026-01-29 18:47:29.593] [1717] [HailoRT] [info] [queue_elements.cpp:738] [run_in_thread] run_pull of queue element PullQEl_nms9yolov6n/conv47_70 was aborted!
[2026-01-29 18:47:29.593] [1720] [HailoRT] [info] [queue_elements.cpp:738] [run_in_thread] run_pull of queue element PullQEl_nms4yolov6n/conv57_70 was aborted!
[2026-01-29 18:47:29.593] [1719] [HailoRT] [info] [vdevice_native_stream.cpp:331] [read_impl] Failed read from stream HAILO_STREAM_ABORT(63) (device: 0001:01:00.0)
[2026-01-29 18:47:29.593] [1719] [HailoRT] [info] [edge_elements.cpp:396] [run_pull] Reading from stream was aborted!
[2026-01-29 18:47:29.593] [1719] [HailoRT] [info] [queue_elements.cpp:738] [run_in_thread] run_pull of queue element PullQEl_nms7yolov6n/conv49_70 was aborted!
[2026-01-29 18:47:29.593] [1713] [HailoRT] [info] [vdevice_native_stream.cpp:142] [write_impl] Failed write to stream yolov6n/input_layer1 (device: 0001:01:00.0) with status=HAILO_STREAM_ABORT(63)
[2026-01-29 18:47:29.593] [1714] [HailoRT] [info] [vdevice_native_stream.cpp:331] [read_impl] Failed read from stream HAILO_STREAM_ABORT(63) (device: 0001:01:00.0)
[2026-01-29 18:47:29.593] [1714] [HailoRT] [info] [edge_elements.cpp:396] [run_pull] Reading from stream was aborted!
[2026-01-29 18:47:29.593] [1713] [HailoRT] [info] [edge_elements.cpp:87] [run_push] Failed to send on input stream InputStream(index=3, name=yolov6n/input_layer1) because stream was aborted
[2026-01-29 18:47:29.593] [1713] [HailoRT] [info] [queue_elements.cpp:401] [run_in_thread] run_push of PushQEl3yolov6n/input_layer1 was aborted!
[2026-01-29 18:47:29.593] [1714] [HailoRT] [info] [queue_elements.cpp:738] [run_in_thread] run_pull of queue element PullQEl_nms2yolov6n/conv36_70 was aborted!
[2026-01-29 18:47:29.593] [1715] [HailoRT] [info] [vdevice_native_stream.cpp:331] [read_impl] Failed read from stream HAILO_STREAM_ABORT(63) (device: 0001:01:00.0)
[2026-01-29 18:47:29.593] [1715] [HailoRT] [info] [edge_elements.cpp:396] [run_pull] Reading from stream was aborted!
[2026-01-29 18:47:29.593] [1715] [HailoRT] [info] [queue_elements.cpp:738] [run_in_thread] run_pull of queue element PullQEl_nms1yolov6n/conv37_70 was aborted!
[2026-01-29 18:47:29.593] [1726] [HailoRT] [info] [queue_elements.cpp:706] [run_pull] Shutdown event was signaled in dequeue of queue element PullQEl_nms2yolov6n/conv36_70!
[2026-01-29 18:47:29.594] [1726] [HailoRT] [info] [vstream.cpp:1138] [read] Receiving to VStream was shutdown!
[2026-01-29 18:47:29.594] [1727] [HailoRT] [info] [queue_elements.cpp:319] [run_push] run_push of PushQEl3yolov6n/input_layer1 was aborted!
[2026-01-29 18:47:29.594] [1727] [HailoRT] [info] [filter_elements.cpp:35] [run_push] run_push of PreInferEl3yolov6n/input_layer1 was aborted!
[2026-01-29 18:47:29.594] [1727] [HailoRT] [info] [vstream.cpp:778] [write] Sending to VStream was aborted!
[2026-01-29 18:47:29.595] [1722] [HailoRT] [info] [vdevice_native_stream.cpp:331] [read_impl] Failed read from stream HAILO_STREAM_ABORT(63) (device: 0001:01:00.0)
[2026-01-29 18:47:29.595] [1722] [HailoRT] [info] [edge_elements.cpp:396] [run_pull] Reading from stream was aborted!
[2026-01-29 18:47:29.595] [1722] [HailoRT] [info] [queue_elements.cpp:738] [run_in_thread] run_pull of queue element PullQEl_nms5yolov6n/conv59_70 was aborted!
[2026-01-29 18:47:29.600] [1691] [HailoRT] [info] [queue_elements.cpp:360] [execute_deactivate] enqueue() in element PushQEl3yolov6n/input_layer1 was aborted, got status = HAILO_SHUTDOWN_EVENT_SIGNALED(57)
[2026-01-29 18:47:29.600] [1713] [HailoRT] [info] [queue_elements.cpp:68] [operator()] Thread in element PushQEl3yolov6n/input_layer1 is not running anymore, exiting..
[2026-01-29 18:47:29.600] [1691] [HailoRT] [info] [queue_elements.cpp:46] [~BaseQueueElement] Queue element PushQEl3yolov6n/input_layer1 has 0 frames in his Queue on destruction
[2026-01-29 18:47:29.600] [1723] [HailoRT] [info] [queue_elements.cpp:68] [operator()] Thread in element UserBufQEl_post_infer0yolov6n/yolox_nms_postprocess is not running anymore, exiting..
[2026-01-29 18:47:29.600] [1691] [HailoRT] [info] [queue_elements.cpp:46] [~BaseQueueElement] Queue element UserBufQEl_post_infer0yolov6n/yolox_nms_postprocess has 0 frames in his Queue on destruction
[2026-01-29 18:47:29.600] [1722] [HailoRT] [info] [queue_elements.cpp:68] [operator()] Thread in element PullQEl_nms5yolov6n/conv59_70 is not running anymore, exiting..
[2026-01-29 18:47:29.600] [1691] [HailoRT] [info] [queue_elements.cpp:46] [~BaseQueueElement] Queue element PullQEl_nms5yolov6n/conv59_70 has 0 frames in his Queue on destruction
[2026-01-29 18:47:29.600] [1721] [HailoRT] [info] [queue_elements.cpp:68] [operator()] Thread in element PullQEl_nms8yolov6n/conv58_70 is not running anymore, exiting..
[2026-01-29 18:47:29.600] [1691] [HailoRT] [info] [queue_elements.cpp:46] [~BaseQueueElement] Queue element PullQEl_nms8yolov6n/conv58_70 has 0 frames in his Queue on destruction
[2026-01-29 18:47:29.604] [1720] [HailoRT] [info] [queue_elements.cpp:68] [operator()] Thread in element PullQEl_nms4yolov6n/conv57_70 is not running anymore, exiting..
[2026-01-29 18:47:29.604] [1691] [HailoRT] [info] [queue_elements.cpp:46] [~BaseQueueElement] Queue element PullQEl_nms4yolov6n/conv57_70 has 0 frames in his Queue on destruction
[2026-01-29 18:47:29.604] [1719] [HailoRT] [info] [queue_elements.cpp:68] [operator()] Thread in element PullQEl_nms7yolov6n/conv49_70 is not running anymore, exiting..
[2026-01-29 18:47:29.604] [1691] [HailoRT] [info] [queue_elements.cpp:46] [~BaseQueueElement] Queue element PullQEl_nms7yolov6n/conv49_70 has 0 frames in his Queue on destruction
[2026-01-29 18:47:29.604] [1718] [HailoRT] [info] [queue_elements.cpp:68] [operator()] Thread in element PullQEl_nms6yolov6n/conv48_70 is not running anymore, exiting..
[2026-01-29 18:47:29.604] [1691] [HailoRT] [info] [queue_elements.cpp:46] [~BaseQueueElement] Queue element PullQEl_nms6yolov6n/conv48_70 has 0 frames in his Queue on destruction
[2026-01-29 18:47:29.604] [1717] [HailoRT] [info] [queue_elements.cpp:68] [operator()] Thread in element PullQEl_nms9yolov6n/conv47_70 is not running anymore, exiting..
[2026-01-29 18:47:29.604] [1691] [HailoRT] [info] [queue_elements.cpp:46] [~BaseQueueElement] Queue element PullQEl_nms9yolov6n/conv47_70 has 0 frames in his Queue on destruction
[2026-01-29 18:47:29.604] [1716] [HailoRT] [info] [queue_elements.cpp:68] [operator()] Thread in element PullQEl_nms0yolov6n/conv38_70 is not running anymore, exiting..
[2026-01-29 18:47:29.604] [1691] [HailoRT] [info] [queue_elements.cpp:46] [~BaseQueueElement] Queue element PullQEl_nms0yolov6n/conv38_70 has 0 frames in his Queue on destruction
[2026-01-29 18:47:29.604] [1715] [HailoRT] [info] [queue_elements.cpp:68] [operator()] Thread in element PullQEl_nms1yolov6n/conv37_70 is not running anymore, exiting..
[2026-01-29 18:47:29.604] [1691] [HailoRT] [info] [queue_elements.cpp:46] [~BaseQueueElement] Queue element PullQEl_nms1yolov6n/conv37_70 has 0 frames in his Queue on destruction
[2026-01-29 18:47:29.604] [1714] [HailoRT] [info] [queue_elements.cpp:68] [operator()] Thread in element PullQEl_nms2yolov6n/conv36_70 is not running anymore, exiting..
[2026-01-29 18:47:29.604] [1691] [HailoRT] [info] [queue_elements.cpp:46] [~BaseQueueElement] Queue element PullQEl_nms2yolov6n/conv36_70 has 0 frames in his Queue on destruction
[2026-01-29 18:47:29.604] [1691] [HailoRT] [info] [core_op.cpp:186] [deactivate] Deactivating took 0.010283 ms
[2026-01-29 18:47:29.604] [1691] [HailoRT] [info] [core_op.cpp:186] [deactivate] Deactivating took 0.02151 ms
[2026-01-29 18:47:29.667] [1691] [HailoRT] [info] [vdevice.cpp:535] [create] Creating vdevice with params: device_count: 1, scheduling_algorithm: NONE, multi_process_service: false
[2026-01-29 18:47:29.680] [1691] [HailoRT] [info] [device.cpp:51] [Device] OS Version: Linux 6.12.47+rpt-rpi-2712 #1 SMP PREEMPT Debian 1:6.12.47-1+rpt1 (2025-09-16) aarch64
[2026-01-29 18:47:29.680] [1691] [HailoRT] [info] [control.cpp:113] [control__parse_identify_results] firmware_version is: 4.23.0
[2026-01-29 18:47:29.680] [1691] [HailoRT] [info] [vdevice.cpp:682] [create] VDevice Infos: 0001:01:00.0
[2026-01-29 18:47:29.685] [1691] [HailoRT] [info] [internal_buffer_manager.cpp:75] [print_execution_results] Default Internal buffer planner failed to meet requirements
[2026-01-29 18:47:29.685] [1691] [HailoRT] [info] [internal_buffer_manager.cpp:86] [print_execution_results] Default Internal buffer planner executed successfully
[2026-01-29 18:47:29.699] [1691] [HailoRT] [info] [device_internal.cpp:57] [configure] Configuring HEF took 19.399362 milliseconds
[2026-01-29 18:47:29.700] [1691] [HailoRT] [info] [vdevice.cpp:780] [configure] Configuring HEF on VDevice took 19.763681 milliseconds
[2026-01-29 18:47:29.700] [1691] [HailoRT] [info] [control.cpp:113] [control__parse_identify_results] firmware_version is: 4.23.0
[2026-01-29 18:47:29.700] [1691] [HailoRT] [info] [control.cpp:113] [control__parse_identify_results] firmware_version is: 4.23.0
[2026-01-29 18:47:29.701] [1691] [HailoRT] [info] [core_op.cpp:156] [activate] Activating yolov6n took 0.67954 milliseconds. Note that the function is asynchronous and thus the network is not fully activated yet.
[2026-01-29 18:47:29.701] [1691] [HailoRT] [info] [core_op.cpp:156] [activate] Activating yolov6n took 0.688156 milliseconds. Note that the function is asynchronous and thus the network is not fully activated yet.
[2026-01-29 18:47:29.714] [1691] [HailoRT] [info] [control.cpp:113] [control__parse_identify_results] firmware_version is: 4.23.0
[2026-01-29 18:47:29.714] [1691] [HailoRT] [info] [control.cpp:113] [control__parse_identify_results] firmware_version is: 4.23.0
[2026-01-29 18:47:29.714] [1691] [HailoRT] [info] [edge_elements.cpp:52] [create] Created (HwWriteEl3yolov6n/input_layer1 | hw_frame_size: 1228800)
[2026-01-29 18:47:29.714] [1691] [HailoRT] [info] [queue_elements.cpp:284] [create] Created (PushQEl3yolov6n/input_layer1 | timeout: 10s)
[2026-01-29 18:47:29.714] [1691] [HailoRT] [info] [filter_elements.cpp:101] [create] Created (PreInferEl3yolov6n/input_layer1 | Reorder - src_order: NHWC, src_shape: (640, 640, 3), dst_order: NHCW, dst_shape: (640, 640, 3))
[2026-01-29 18:47:29.714] [1691] [HailoRT] [info] [vstream.cpp:754] [InputVStreamImpl] Creating yolov6n/input_layer1...
[2026-01-29 18:47:29.715] [1691] [HailoRT] [info] [vstream_builder.cpp:102] [create_inputs] Input pipeline 'yolov6n/input_layer1': (PreInferEl3yolov6n/input_layer1 | Reorder - src_order: NHWC, src_shape: (640, 640, 3), dst_order: NHCW, dst_shape: (640, 640, 3)) >> (PushQEl3yolov6n/input_layer1 | timeout: 10s) >> (HwWriteEl3yolov6n/input_layer1 | hw_frame_size: 1228800) >> HW
[2026-01-29 18:47:29.715] [1691] [HailoRT] [info] [multi_io_elements.cpp:135] [create] Created (NmsPPMuxEl0YOLOX-Post-Process | Op YOLOX, Name: YOLOX-Post-Process, Score threshold: 0.200, IoU threshold: 0.65, Classes: 80, Max bboxes per class: 100, Image height: 640, Image width: 640)
[2026-01-29 18:47:29.715] [1691] [HailoRT] [info] [edge_elements.cpp:287] [create] Created (HwReadEl2yolov6n/conv36_70 | hw_frame_size: 512000)
[2026-01-29 18:47:29.715] [1691] [HailoRT] [info] [queue_elements.cpp:657] [create] Created (PullQEl_nms2yolov6n/conv36_70 | timeout: 10s)
[2026-01-29 18:47:29.715] [1691] [HailoRT] [info] [edge_elements.cpp:287] [create] Created (HwReadEl1yolov6n/conv37_70 | hw_frame_size: 25600)
[2026-01-29 18:47:29.715] [1691] [HailoRT] [info] [queue_elements.cpp:657] [create] Created (PullQEl_nms1yolov6n/conv37_70 | timeout: 10s)
[2026-01-29 18:47:29.715] [1691] [HailoRT] [info] [edge_elements.cpp:287] [create] Created (HwReadEl0yolov6n/conv38_70 | hw_frame_size: 6400)
[2026-01-29 18:47:29.715] [1691] [HailoRT] [info] [queue_elements.cpp:657] [create] Created (PullQEl_nms0yolov6n/conv38_70 | timeout: 10s)
[2026-01-29 18:47:29.715] [1691] [HailoRT] [info] [edge_elements.cpp:287] [create] Created (HwReadEl9yolov6n/conv47_70 | hw_frame_size: 128000)
[2026-01-29 18:47:29.715] [1691] [HailoRT] [info] [queue_elements.cpp:657] [create] Created (PullQEl_nms9yolov6n/conv47_70 | timeout: 10s)
[2026-01-29 18:47:29.715] [1691] [HailoRT] [info] [edge_elements.cpp:287] [create] Created (HwReadEl6yolov6n/conv48_70 | hw_frame_size: 6400)
[2026-01-29 18:47:29.715] [1691] [HailoRT] [info] [queue_elements.cpp:657] [create] Created (PullQEl_nms6yolov6n/conv48_70 | timeout: 10s)
[2026-01-29 18:47:29.715] [1691] [HailoRT] [info] [edge_elements.cpp:287] [create] Created (HwReadEl7yolov6n/conv49_70 | hw_frame_size: 1600)
[2026-01-29 18:47:29.715] [1691] [HailoRT] [info] [queue_elements.cpp:657] [create] Created (PullQEl_nms7yolov6n/conv49_70 | timeout: 10s)
[2026-01-29 18:47:29.715] [1691] [HailoRT] [info] [edge_elements.cpp:287] [create] Created (HwReadEl4yolov6n/conv57_70 | hw_frame_size: 38400)
[2026-01-29 18:47:29.715] [1691] [HailoRT] [info] [queue_elements.cpp:657] [create] Created (PullQEl_nms4yolov6n/conv57_70 | timeout: 10s)
[2026-01-29 18:47:29.715] [1691] [HailoRT] [info] [edge_elements.cpp:287] [create] Created (HwReadEl8yolov6n/conv58_70 | hw_frame_size: 1920)
[2026-01-29 18:47:29.715] [1691] [HailoRT] [info] [queue_elements.cpp:657] [create] Created (PullQEl_nms8yolov6n/conv58_70 | timeout: 10s)
[2026-01-29 18:47:29.715] [1691] [HailoRT] [info] [edge_elements.cpp:287] [create] Created (HwReadEl5yolov6n/conv59_70 | hw_frame_size: 480)
[2026-01-29 18:47:29.715] [1691] [HailoRT] [info] [queue_elements.cpp:657] [create] Created (PullQEl_nms5yolov6n/conv59_70 | timeout: 10s)
[2026-01-29 18:47:29.715] [1691] [HailoRT] [info] [queue_elements.cpp:800] [create] Created (UserBufQEl_post_infer0yolov6n/yolox_nms_postprocess | timeout: 10s)
[2026-01-29 18:47:29.715] [1691] [HailoRT] [info] [vstream.cpp:1114] [OutputVStreamImpl] Creating yolov6n/yolox_nms_postprocess...
[2026-01-29 18:47:29.716] [1691] [HailoRT] [info] [vstream_builder.cpp:622] [create_output_post_process_nms] Output pipeline 'yolov6n/yolox_nms_postprocess': HW >> (HwReadEl2yolov6n/conv36_70 | hw_frame_size: 512000) >> (PullQEl_nms2yolov6n/conv36_70) >> (HwReadEl1yolov6n/conv37_70 | hw_frame_size: 25600) >> (PullQEl_nms1yolov6n/conv37_70) >> (HwReadEl0yolov6n/conv38_70 | hw_frame_size: 6400) >> (PullQEl_nms0yolov6n/conv38_70) >> (HwReadEl9yolov6n/conv47_70 | hw_frame_size: 128000) >> (PullQEl_nms9yolov6n/conv47_70) >> (HwReadEl6yolov6n/conv48_70 | hw_frame_size: 6400) >> (PullQEl_nms6yolov6n/conv48_70) >> (HwReadEl7yolov6n/conv49_70 | hw_frame_size: 1600) >> (PullQEl_nms7yolov6n/conv49_70) >> (HwReadEl4yolov6n/conv57_70 | hw_frame_size: 38400) >> (PullQEl_nms4yolov6n/conv57_70) >> (HwReadEl8yolov6n/conv58_70 | hw_frame_size: 1920) >> (PullQEl_nms8yolov6n/conv58_70) >> (HwReadEl5yolov6n/conv59_70 | hw_frame_size: 480) >> (PullQEl_nms5yolov6n/conv59_70) >> (NmsPPMuxEl0YOLOX-Post-Process | Op YOLOX, Name: YOLOX-Post-Process, Score threshold: 0.200, IoU threshold: 0.65, Classes: 80, Max bboxes per class: 100, Image height: 640, Image width: 640) >> (UserBufQEl_post_infer0yolov6n/yolox_nms_postprocess | timeout: 10s)
[2026-01-29 18:47:34.716] [1735] [HailoRT] [info] [vdevice_native_stream.cpp:331] [read_impl] Failed read from stream HAILO_STREAM_ABORT(63) (device: 0001:01:00.0)
[2026-01-29 18:47:34.716] [1735] [HailoRT] [info] [edge_elements.cpp:396] [run_pull] Reading from stream was aborted!
[2026-01-29 18:47:34.716] [1737] [HailoRT] [info] [vdevice_native_stream.cpp:331] [read_impl] Failed read from stream HAILO_STREAM_ABORT(63) (device: 0001:01:00.0)
[2026-01-29 18:47:34.716] [1737] [HailoRT] [info] [edge_elements.cpp:396] [run_pull] Reading from stream was aborted!
[2026-01-29 18:47:34.716] [1738] [HailoRT] [info] [vdevice_native_stream.cpp:331] [read_impl] Failed read from stream HAILO_STREAM_ABORT(63) (device: 0001:01:00.0)
[2026-01-29 18:47:34.716] [1737] [HailoRT] [info] [queue_elements.cpp:738] [run_in_thread] run_pull of queue element PullQEl_nms0yolov6n/conv38_70 was aborted!
[2026-01-29 18:47:34.716] [1738] [HailoRT] [info] [edge_elements.cpp:396] [run_pull] Reading from stream was aborted!
[2026-01-29 18:47:34.716] [1742] [HailoRT] [info] [vdevice_native_stream.cpp:331] [read_impl] Failed read from stream HAILO_STREAM_ABORT(63) (device: 0001:01:00.0)
[2026-01-29 18:47:34.716] [1738] [HailoRT] [info] [queue_elements.cpp:738] [run_in_thread] run_pull of queue element PullQEl_nms9yolov6n/conv47_70 was aborted!
[2026-01-29 18:47:34.716] [1742] [HailoRT] [info] [edge_elements.cpp:396] [run_pull] Reading from stream was aborted!
[2026-01-29 18:47:34.716] [1735] [HailoRT] [info] [queue_elements.cpp:738] [run_in_thread] run_pull of queue element PullQEl_nms2yolov6n/conv36_70 was aborted!
[2026-01-29 18:47:34.716] [1742] [HailoRT] [info] [queue_elements.cpp:738] [run_in_thread] run_pull of queue element PullQEl_nms8yolov6n/conv58_70 was aborted!
[2026-01-29 18:47:34.716] [1739] [HailoRT] [info] [vdevice_native_stream.cpp:331] [read_impl] Failed read from stream HAILO_STREAM_ABORT(63) (device: 0001:01:00.0)
[2026-01-29 18:47:34.716] [1739] [HailoRT] [info] [edge_elements.cpp:396] [run_pull] Reading from stream was aborted!
[2026-01-29 18:47:34.716] [1741] [HailoRT] [info] [vdevice_native_stream.cpp:331] [read_impl] Failed read from stream HAILO_STREAM_ABORT(63) (device: 0001:01:00.0)
[2026-01-29 18:47:34.716] [1741] [HailoRT] [info] [edge_elements.cpp:396] [run_pull] Reading from stream was aborted!
[2026-01-29 18:47:34.716] [1739] [HailoRT] [info] [queue_elements.cpp:738] [run_in_thread] run_pull of queue element PullQEl_nms6yolov6n/conv48_70 was aborted!
[2026-01-29 18:47:34.716] [1743] [HailoRT] [info] [vdevice_native_stream.cpp:331] [read_impl] Failed read from stream HAILO_STREAM_ABORT(63) (device: 0001:01:00.0)
[2026-01-29 18:47:34.716] [1741] [HailoRT] [info] [queue_elements.cpp:738] [run_in_thread] run_pull of queue element PullQEl_nms4yolov6n/conv57_70 was aborted!
[2026-01-29 18:47:34.716] [1736] [HailoRT] [info] [vdevice_native_stream.cpp:331] [read_impl] Failed read from stream HAILO_STREAM_ABORT(63) (device: 0001:01:00.0)
[2026-01-29 18:47:34.716] [1747] [HailoRT] [info] [queue_elements.cpp:706] [run_pull] Shutdown event was signaled in dequeue of queue element PullQEl_nms2yolov6n/conv36_70!
[2026-01-29 18:47:34.716] [1743] [HailoRT] [info] [edge_elements.cpp:396] [run_pull] Reading from stream was aborted!
[2026-01-29 18:47:34.716] [1743] [HailoRT] [info] [queue_elements.cpp:738] [run_in_thread] run_pull of queue element PullQEl_nms5yolov6n/conv59_70 was aborted!
[2026-01-29 18:47:34.716] [1740] [HailoRT] [info] [vdevice_native_stream.cpp:331] [read_impl] Failed read from stream HAILO_STREAM_ABORT(63) (device: 0001:01:00.0)
[2026-01-29 18:47:34.716] [1740] [HailoRT] [info] [edge_elements.cpp:396] [run_pull] Reading from stream was aborted!
[2026-01-29 18:47:34.716] [1736] [HailoRT] [info] [edge_elements.cpp:396] [run_pull] Reading from stream was aborted!
[2026-01-29 18:47:34.716] [1747] [HailoRT] [info] [vstream.cpp:1138] [read] Receiving to VStream was shutdown!
[2026-01-29 18:47:34.716] [1740] [HailoRT] [info] [queue_elements.cpp:738] [run_in_thread] run_pull of queue element PullQEl_nms7yolov6n/conv49_70 was aborted!
[2026-01-29 18:47:34.716] [1736] [HailoRT] [info] [queue_elements.cpp:738] [run_in_thread] run_pull of queue element PullQEl_nms1yolov6n/conv37_70 was aborted!
[2026-01-29 18:47:34.718] [1734] [HailoRT] [info] [vdevice_native_stream.cpp:142] [write_impl] Failed write to stream yolov6n/input_layer1 (device: 0001:01:00.0) with status=HAILO_STREAM_ABORT(63)
[2026-01-29 18:47:34.718] [1734] [HailoRT] [info] [edge_elements.cpp:87] [run_push] Failed to send on input stream InputStream(index=3, name=yolov6n/input_layer1) because stream was aborted
[2026-01-29 18:47:34.718] [1734] [HailoRT] [info] [queue_elements.cpp:401] [run_in_thread] run_push of PushQEl3yolov6n/input_layer1 was aborted!
[2026-01-29 18:47:34.719] [1748] [HailoRT] [info] [queue_elements.cpp:319] [run_push] run_push of PushQEl3yolov6n/input_layer1 was aborted!
[2026-01-29 18:47:34.719] [1748] [HailoRT] [info] [filter_elements.cpp:35] [run_push] run_push of PreInferEl3yolov6n/input_layer1 was aborted!
[2026-01-29 18:47:34.719] [1748] [HailoRT] [info] [vstream.cpp:778] [write] Sending to VStream was aborted!
[2026-01-29 18:47:34.721] [1691] [HailoRT] [info] [queue_elements.cpp:360] [execute_deactivate] enqueue() in element PushQEl3yolov6n/input_layer1 was aborted, got status = HAILO_SHUTDOWN_EVENT_SIGNALED(57)
[2026-01-29 18:47:34.722] [1734] [HailoRT] [info] [queue_elements.cpp:68] [operator()] Thread in element PushQEl3yolov6n/input_layer1 is not running anymore, exiting..
[2026-01-29 18:47:34.722] [1691] [HailoRT] [info] [queue_elements.cpp:46] [~BaseQueueElement] Queue element PushQEl3yolov6n/input_layer1 has 0 frames in his Queue on destruction
[2026-01-29 18:47:34.722] [1744] [HailoRT] [info] [queue_elements.cpp:68] [operator()] Thread in element UserBufQEl_post_infer0yolov6n/yolox_nms_postprocess is not running anymore, exiting..
[2026-01-29 18:47:34.722] [1691] [HailoRT] [info] [queue_elements.cpp:46] [~BaseQueueElement] Queue element UserBufQEl_post_infer0yolov6n/yolox_nms_postprocess has 0 frames in his Queue on destruction
[2026-01-29 18:47:34.722] [1743] [HailoRT] [info] [queue_elements.cpp:68] [operator()] Thread in element PullQEl_nms5yolov6n/conv59_70 is not running anymore, exiting..
[2026-01-29 18:47:34.722] [1691] [HailoRT] [info] [queue_elements.cpp:46] [~BaseQueueElement] Queue element PullQEl_nms5yolov6n/conv59_70 has 0 frames in his Queue on destruction
[2026-01-29 18:47:34.722] [1742] [HailoRT] [info] [queue_elements.cpp:68] [operator()] Thread in element PullQEl_nms8yolov6n/conv58_70 is not running anymore, exiting..
[2026-01-29 18:47:34.722] [1691] [HailoRT] [info] [queue_elements.cpp:46] [~BaseQueueElement] Queue element PullQEl_nms8yolov6n/conv58_70 has 0 frames in his Queue on destruction
[2026-01-29 18:47:34.722] [1741] [HailoRT] [info] [queue_elements.cpp:68] [operator()] Thread in element PullQEl_nms4yolov6n/conv57_70 is not running anymore, exiting..
[2026-01-29 18:47:34.722] [1691] [HailoRT] [info] [queue_elements.cpp:46] [~BaseQueueElement] Queue element PullQEl_nms4yolov6n/conv57_70 has 0 frames in his Queue on destruction
[2026-01-29 18:47:34.722] [1740] [HailoRT] [info] [queue_elements.cpp:68] [operator()] Thread in element PullQEl_nms7yolov6n/conv49_70 is not running anymore, exiting..
[2026-01-29 18:47:34.722] [1691] [HailoRT] [info] [queue_elements.cpp:46] [~BaseQueueElement] Queue element PullQEl_nms7yolov6n/conv49_70 has 0 frames in his Queue on destruction
[2026-01-29 18:47:34.722] [1739] [HailoRT] [info] [queue_elements.cpp:68] [operator()] Thread in element PullQEl_nms6yolov6n/conv48_70 is not running anymore, exiting..
[2026-01-29 18:47:34.722] [1691] [HailoRT] [info] [queue_elements.cpp:46] [~BaseQueueElement] Queue element PullQEl_nms6yolov6n/conv48_70 has 0 frames in his Queue on destruction
[2026-01-29 18:47:34.722] [1738] [HailoRT] [info] [queue_elements.cpp:68] [operator()] Thread in element PullQEl_nms9yolov6n/conv47_70 is not running anymore, exiting..
[2026-01-29 18:47:34.722] [1691] [HailoRT] [info] [queue_elements.cpp:46] [~BaseQueueElement] Queue element PullQEl_nms9yolov6n/conv47_70 has 0 frames in his Queue on destruction
[2026-01-29 18:47:34.722] [1737] [HailoRT] [info] [queue_elements.cpp:68] [operator()] Thread in element PullQEl_nms0yolov6n/conv38_70 is not running anymore, exiting..
[2026-01-29 18:47:34.723] [1691] [HailoRT] [info] [queue_elements.cpp:46] [~BaseQueueElement] Queue element PullQEl_nms0yolov6n/conv38_70 has 0 frames in his Queue on destruction
[2026-01-29 18:47:34.723] [1736] [HailoRT] [info] [queue_elements.cpp:68] [operator()] Thread in element PullQEl_nms1yolov6n/conv37_70 is not running anymore, exiting..
[2026-01-29 18:47:34.723] [1691] [HailoRT] [info] [queue_elements.cpp:46] [~BaseQueueElement] Queue element PullQEl_nms1yolov6n/conv37_70 has 0 frames in his Queue on destruction
[2026-01-29 18:47:34.723] [1735] [HailoRT] [info] [queue_elements.cpp:68] [operator()] Thread in element PullQEl_nms2yolov6n/conv36_70 is not running anymore, exiting..
[2026-01-29 18:47:34.723] [1691] [HailoRT] [info] [queue_elements.cpp:46] [~BaseQueueElement] Queue element PullQEl_nms2yolov6n/conv36_70 has 0 frames in his Queue on destruction
[2026-01-29 18:47:34.724] [1691] [HailoRT] [info] [core_op.cpp:186] [deactivate] Deactivating took 0.010615 ms
[2026-01-29 18:47:34.724] [1691] [HailoRT] [info] [core_op.cpp:186] [deactivate] Deactivating took 0.022972 ms
[2026-01-29 18:47:45.117] [1768] [HailoRT] [info] [device.cpp:51] [Device] OS Version: Linux 6.12.47+rpt-rpi-2712 #1 SMP PREEMPT Debian 1:6.12.47-1+rpt1 (2025-09-16) aarch64
[2026-01-29 18:47:45.118] [1768] [HailoRT] [info] [control.cpp:113] [control__parse_identify_results] firmware_version is: 4.23.0
[2026-01-29 18:47:45.118] [1768] [HailoRT] [info] [control.cpp:113] [control__parse_identify_results] firmware_version is: 4.23.0
[2026-01-29 18:47:45.099] [1753] [HailoRT] [info] [vdevice.cpp:535] [create] Creating vdevice with params: device_count: 1, scheduling_algorithm: ROUND_ROBIN, multi_process_service: false
[2026-01-29 18:47:45.112] [1753] [HailoRT] [info] [device.cpp:51] [Device] OS Version: Linux 6.12.47+rpt-rpi-2712 #1 SMP PREEMPT Debian 1:6.12.47-1+rpt1 (2025-09-16) aarch64
[2026-01-29 18:47:45.112] [1753] [HailoRT] [info] [control.cpp:113] [control__parse_identify_results] firmware_version is: 4.23.0
[2026-01-29 18:47:45.112] [1753] [HailoRT] [info] [vdevice.cpp:682] [create] VDevice Infos: 0001:01:00.0
[2026-01-29 18:47:45.182] [1753] [HailoRT] [info] [hef.cpp:1994] [get_network_group_and_network_name] No name was given. Addressing all networks of default network_group: yolov6n
[2026-01-29 18:47:45.182] [1753] [HailoRT] [info] [hef.cpp:1994] [get_network_group_and_network_name] No name was given. Addressing all networks of default network_group: yolov6n
[2026-01-29 18:47:45.187] [1753] [HailoRT] [info] [internal_buffer_manager.cpp:75] [print_execution_results] Default Internal buffer planner failed to meet requirements
[2026-01-29 18:47:45.187] [1753] [HailoRT] [info] [internal_buffer_manager.cpp:86] [print_execution_results] Default Internal buffer planner executed successfully
[2026-01-29 18:47:45.196] [1753] [HailoRT] [info] [device_internal.cpp:57] [configure] Configuring HEF took 13.956509 milliseconds
[2026-01-29 18:47:45.196] [1753] [HailoRT] [info] [vdevice.cpp:780] [configure] Configuring HEF on VDevice took 14.33665 milliseconds
[2026-01-29 18:47:45.196] [1753] [HailoRT] [info] [infer_model.cpp:417] [configure] Configuring network group 'yolov6n' with params: batch size: 0, power mode: PERFORMANCE, latency: MEASURE
[2026-01-29 18:47:45.196] [1753] [HailoRT] [info] [multi_io_elements.cpp:754] [create] Created (AsyncHwEl)
[2026-01-29 18:47:45.196] [1753] [HailoRT] [info] [queue_elements.cpp:450] [create] Created (EntryPushQEl0yolov6n/input_layer1 | timeout: 10s)
[2026-01-29 18:47:45.196] [1753] [HailoRT] [info] [filter_elements.cpp:101] [create] Created (PreInferEl3yolov6n/input_layer1 | Reorder - src_order: NHWC, src_shape: (640, 640, 3), dst_order: NHCW, dst_shape: (640, 640, 3))
[2026-01-29 18:47:45.196] [1753] [HailoRT] [info] [queue_elements.cpp:450] [create] Created (PushQEl3yolov6n/input_layer1 | timeout: 10s)
[2026-01-29 18:47:45.197] [1753] [HailoRT] [info] [multi_io_elements.cpp:135] [create] Created (NmsPPMuxEl0YOLOX-Post-Process | Op YOLOX, Name: YOLOX-Post-Process, Score threshold: 0.200, IoU threshold: 0.65, Classes: 80, Max bboxes per class: 100, Image height: 640, Image width: 640)
[2026-01-29 18:47:45.237] [1753] [HailoRT] [info] [queue_elements.cpp:942] [create] Created (MultiPushQEl0YOLOX-Post-Process | timeout: 10s)
[2026-01-29 18:47:45.237] [1753] [HailoRT] [info] [edge_elements.cpp:187] [create] Created (LastAsyncEl0NmsPPMuxEl0YOLOX-Post-Process)
[2026-01-29 18:47:45.237] [1753] [HailoRT] [info] [pipeline.cpp:891] [print_deep_description] EntryPushQEl0yolov6n/input_layer1 | inputs: user | outputs: PreInferEl3yolov6n/input_layer1(running in thread_id: 1774)
[2026-01-29 18:47:45.237] [1753] [HailoRT] [info] [pipeline.cpp:891] [print_deep_description] PreInferEl3yolov6n/input_layer1 | inputs: EntryPushQEl0yolov6n/input_layer1[0] | outputs: PushQEl3yolov6n/input_layer1
[2026-01-29 18:47:45.237] [1753] [HailoRT] [info] [pipeline.cpp:891] [print_deep_description] PushQEl3yolov6n/input_layer1 | inputs: PreInferEl3yolov6n/input_layer1[0] | outputs: AsyncHwEl(running in thread_id: 1775)
[2026-01-29 18:47:45.237] [1753] [HailoRT] [info] [pipeline.cpp:891] [print_deep_description] AsyncHwEl | inputs: PushQEl3yolov6n/input_layer1[0] | outputs: MultiPushQEl0YOLOX-Post-Process MultiPushQEl0YOLOX-Post-Process MultiPushQEl0YOLOX-Post-Process MultiPushQEl0YOLOX-Post-Process MultiPushQEl0YOLOX-Post-Process MultiPushQEl0YOLOX-Post-Process MultiPushQEl0YOLOX-Post-Process MultiPushQEl0YOLOX-Post-Process MultiPushQEl0YOLOX-Post-Process
[2026-01-29 18:47:45.237] [1753] [HailoRT] [info] [pipeline.cpp:891] [print_deep_description] MultiPushQEl0YOLOX-Post-Process | inputs: AsyncHwEl[0] AsyncHwEl[1] AsyncHwEl[2] AsyncHwEl[3] AsyncHwEl[4] AsyncHwEl[5] AsyncHwEl[6] AsyncHwEl[7] AsyncHwEl[8] | outputs: NmsPPMuxEl0YOLOX-Post-Process(running in thread_id: 1776)
[2026-01-29 18:47:45.237] [1753] [HailoRT] [info] [pipeline.cpp:891] [print_deep_description] NmsPPMuxEl0YOLOX-Post-Process | inputs: MultiPushQEl0YOLOX-Post-Process[0] | outputs: LastAsyncEl0NmsPPMuxEl0YOLOX-Post-Process
[2026-01-29 18:47:45.237] [1753] [HailoRT] [info] [pipeline.cpp:891] [print_deep_description] LastAsyncEl0NmsPPMuxEl0YOLOX-Post-Process | inputs: NmsPPMuxEl0YOLOX-Post-Process[0] | outputs: user
[2026-01-29 18:47:55.681] [1753] [HailoRT] [info] [async_infer_runner.cpp:86] [shutdown] Pipeline was aborted. Shutting it down
[2026-01-29 18:47:55.681] [1753] [HailoRT] [info] [async_infer_runner.cpp:86] [shutdown] Pipeline was aborted. Shutting it down
[2026-01-29 18:47:55.682] [1753] [HailoRT] [info] [queue_elements.cpp:1131] [execute_deactivate] enqueue() in element MultiPushQEl0YOLOX-Post-Process was aborted, got status = HAILO_SHUTDOWN_EVENT_SIGNALED(57)
[2026-01-29 18:47:55.682] [1753] [HailoRT] [info] [queue_elements.cpp:1131] [execute_deactivate] enqueue() in element MultiPushQEl0YOLOX-Post-Process was aborted, got status = HAILO_SHUTDOWN_EVENT_SIGNALED(57)
[2026-01-29 18:47:55.682] [1753] [HailoRT] [info] [queue_elements.cpp:1131] [execute_deactivate] enqueue() in element MultiPushQEl0YOLOX-Post-Process was aborted, got status = HAILO_SHUTDOWN_EVENT_SIGNALED(57)
[2026-01-29 18:47:55.682] [1753] [HailoRT] [info] [queue_elements.cpp:1131] [execute_deactivate] enqueue() in element MultiPushQEl0YOLOX-Post-Process was aborted, got status = HAILO_SHUTDOWN_EVENT_SIGNALED(57)
[2026-01-29 18:47:55.682] [1753] [HailoRT] [info] [queue_elements.cpp:1131] [execute_deactivate] enqueue() in element MultiPushQEl0YOLOX-Post-Process was aborted, got status = HAILO_SHUTDOWN_EVENT_SIGNALED(57)
[2026-01-29 18:47:55.682] [1753] [HailoRT] [info] [queue_elements.cpp:1131] [execute_deactivate] enqueue() in element MultiPushQEl0YOLOX-Post-Process was aborted, got status = HAILO_SHUTDOWN_EVENT_SIGNALED(57)
[2026-01-29 18:47:55.682] [1753] [HailoRT] [info] [queue_elements.cpp:1131] [execute_deactivate] enqueue() in element MultiPushQEl0YOLOX-Post-Process was aborted, got status = HAILO_SHUTDOWN_EVENT_SIGNALED(57)
[2026-01-29 18:47:55.682] [1753] [HailoRT] [info] [queue_elements.cpp:1131] [execute_deactivate] enqueue() in element MultiPushQEl0YOLOX-Post-Process was aborted, got status = HAILO_SHUTDOWN_EVENT_SIGNALED(57)
[2026-01-29 18:47:55.682] [1753] [HailoRT] [info] [queue_elements.cpp:1131] [execute_deactivate] enqueue() in element MultiPushQEl0YOLOX-Post-Process was aborted, got status = HAILO_SHUTDOWN_EVENT_SIGNALED(57)
[2026-01-29 18:47:55.682] [1753] [HailoRT] [info] [queue_elements.cpp:570] [execute_deactivate] enqueue() in element PushQEl3yolov6n/input_layer1 was aborted, got status = HAILO_SHUTDOWN_EVENT_SIGNALED(57)
[2026-01-29 18:47:55.682] [1753] [HailoRT] [info] [queue_elements.cpp:570] [execute_deactivate] enqueue() in element EntryPushQEl0yolov6n/input_layer1 was aborted, got status = HAILO_SHUTDOWN_EVENT_SIGNALED(57)
[2026-01-29 18:47:55.682] [1753] [HailoRT] [info] [queue_elements.cpp:46] [~BaseQueueElement] Queue element EntryPushQEl0yolov6n/input_layer1 has 0 frames in his Queue on destruction
[2026-01-29 18:47:55.682] [1753] [HailoRT] [info] [queue_elements.cpp:46] [~BaseQueueElement] Queue element PushQEl3yolov6n/input_layer1 has 0 frames in his Queue on destruction
[2026-01-30 00:56:13.039] [9936] [HailoRT] [info] [device.cpp:51] [Device] OS Version: Linux 6.12.47+rpt-rpi-2712 #1 SMP PREEMPT Debian 1:6.12.47-1+rpt1 (2025-09-16) aarch64
[2026-01-30 00:56:13.039] [9936] [HailoRT] [info] [control.cpp:113] [control__parse_identify_results] firmware_version is: 4.23.0
[2026-01-30 00:56:13.040] [9936] [HailoRT] [info] [control.cpp:113] [control__parse_identify_results] firmware_version is: 4.23.0
[2026-01-30 00:56:29.711] [9992] [HailoRT] [info] [device.cpp:51] [Device] OS Version: Linux 6.12.47+rpt-rpi-2712 #1 SMP PREEMPT Debian 1:6.12.47-1+rpt1 (2025-09-16) aarch64
[2026-01-30 00:56:29.712] [9992] [HailoRT] [info] [control.cpp:113] [control__parse_identify_results] firmware_version is: 4.23.0
[2026-01-30 00:56:29.712] [9992] [HailoRT] [info] [control.cpp:113] [control__parse_identify_results] firmware_version is: 4.23.0
[2026-01-30 00:56:30.224] [10022] [HailoRT] [info] [device.cpp:51] [Device] OS Version: Linux 6.12.47+rpt-rpi-2712 #1 SMP PREEMPT Debian 1:6.12.47-1+rpt1 (2025-09-16) aarch64
[2026-01-30 00:56:30.225] [10022] [HailoRT] [info] [control.cpp:113] [control__parse_identify_results] firmware_version is: 4.23.0
[2026-01-30 00:56:30.225] [10022] [HailoRT] [info] [control.cpp:113] [control__parse_identify_results] firmware_version is: 4.23.0
[2026-01-30 00:56:30.207] [10009] [HailoRT] [info] [vdevice.cpp:535] [create] Creating vdevice with params: device_count: 1, scheduling_algorithm: ROUND_ROBIN, multi_process_service: false
[2026-01-30 00:56:30.219] [10009] [HailoRT] [info] [device.cpp:51] [Device] OS Version: Linux 6.12.47+rpt-rpi-2712 #1 SMP PREEMPT Debian 1:6.12.47-1+rpt1 (2025-09-16) aarch64
[2026-01-30 00:56:30.219] [10009] [HailoRT] [info] [control.cpp:113] [control__parse_identify_results] firmware_version is: 4.23.0
[2026-01-30 00:56:30.220] [10009] [HailoRT] [info] [vdevice.cpp:682] [create] VDevice Infos: 0001:01:00.0
[2026-01-30 00:56:30.359] [10009] [HailoRT] [info] [hef.cpp:1994] [get_network_group_and_network_name] No name was given. Addressing all networks of default network_group: yolov6n
[2026-01-30 00:56:30.359] [10009] [HailoRT] [info] [hef.cpp:1994] [get_network_group_and_network_name] No name was given. Addressing all networks of default network_group: yolov6n
[2026-01-30 00:56:30.370] [10009] [HailoRT] [info] [internal_buffer_manager.cpp:75] [print_execution_results] Default Internal buffer planner failed to meet requirements
[2026-01-30 00:56:30.370] [10009] [HailoRT] [info] [internal_buffer_manager.cpp:86] [print_execution_results] Default Internal buffer planner executed successfully
[2026-01-30 00:56:30.379] [10009] [HailoRT] [info] [device_internal.cpp:57] [configure] Configuring HEF took 18.928257 milliseconds
[2026-01-30 00:56:30.379] [10009] [HailoRT] [info] [vdevice.cpp:780] [configure] Configuring HEF on VDevice took 20.070266 milliseconds
[2026-01-30 00:56:30.379] [10009] [HailoRT] [info] [infer_model.cpp:417] [configure] Configuring network group 'yolov6n' with params: batch size: 0, power mode: PERFORMANCE, latency: MEASURE
[2026-01-30 00:56:30.403] [10009] [HailoRT] [info] [multi_io_elements.cpp:754] [create] Created (AsyncHwEl)
[2026-01-30 00:56:30.404] [10009] [HailoRT] [info] [queue_elements.cpp:450] [create] Created (EntryPushQEl0yolov6n/input_layer1 | timeout: 10s)
[2026-01-30 00:56:30.404] [10009] [HailoRT] [info] [filter_elements.cpp:101] [create] Created (PreInferEl3yolov6n/input_layer1 | Reorder - src_order: NHWC, src_shape: (640, 640, 3), dst_order: NHCW, dst_shape: (640, 640, 3))
[2026-01-30 00:56:30.404] [10009] [HailoRT] [info] [queue_elements.cpp:450] [create] Created (PushQEl3yolov6n/input_layer1 | timeout: 10s)
[2026-01-30 00:56:30.404] [10009] [HailoRT] [info] [multi_io_elements.cpp:135] [create] Created (NmsPPMuxEl0YOLOX-Post-Process | Op YOLOX, Name: YOLOX-Post-Process, Score threshold: 0.200, IoU threshold: 0.65, Classes: 80, Max bboxes per class: 100, Image height: 640, Image width: 640)
[2026-01-30 00:56:30.428] [10009] [HailoRT] [info] [queue_elements.cpp:942] [create] Created (MultiPushQEl0YOLOX-Post-Process | timeout: 10s)
[2026-01-30 00:56:30.428] [10009] [HailoRT] [info] [edge_elements.cpp:187] [create] Created (LastAsyncEl0NmsPPMuxEl0YOLOX-Post-Process)
[2026-01-30 00:56:30.428] [10009] [HailoRT] [info] [pipeline.cpp:891] [print_deep_description] EntryPushQEl0yolov6n/input_layer1 | inputs: user | outputs: PreInferEl3yolov6n/input_layer1(running in thread_id: 10028)
[2026-01-30 00:56:30.428] [10009] [HailoRT] [info] [pipeline.cpp:891] [print_deep_description] PreInferEl3yolov6n/input_layer1 | inputs: EntryPushQEl0yolov6n/input_layer1[0] | outputs: PushQEl3yolov6n/input_layer1
[2026-01-30 00:56:30.428] [10009] [HailoRT] [info] [pipeline.cpp:891] [print_deep_description] PushQEl3yolov6n/input_layer1 | inputs: PreInferEl3yolov6n/input_layer1[0] | outputs: AsyncHwEl(running in thread_id: 10029)
[2026-01-30 00:56:30.428] [10009] [HailoRT] [info] [pipeline.cpp:891] [print_deep_description] AsyncHwEl | inputs: PushQEl3yolov6n/input_layer1[0] | outputs: MultiPushQEl0YOLOX-Post-Process MultiPushQEl0YOLOX-Post-Process MultiPushQEl0YOLOX-Post-Process MultiPushQEl0YOLOX-Post-Process MultiPushQEl0YOLOX-Post-Process MultiPushQEl0YOLOX-Post-Process MultiPushQEl0YOLOX-Post-Process MultiPushQEl0YOLOX-Post-Process MultiPushQEl0YOLOX-Post-Process
[2026-01-30 00:56:30.428] [10009] [HailoRT] [info] [pipeline.cpp:891] [print_deep_description] MultiPushQEl0YOLOX-Post-Process | inputs: AsyncHwEl[0] AsyncHwEl[1] AsyncHwEl[2] AsyncHwEl[3] AsyncHwEl[4] AsyncHwEl[5] AsyncHwEl[6] AsyncHwEl[7] AsyncHwEl[8] | outputs: NmsPPMuxEl0YOLOX-Post-Process(running in thread_id: 10030)
[2026-01-30 00:56:30.428] [10009] [HailoRT] [info] [pipeline.cpp:891] [print_deep_description] NmsPPMuxEl0YOLOX-Post-Process | inputs: MultiPushQEl0YOLOX-Post-Process[0] | outputs: LastAsyncEl0NmsPPMuxEl0YOLOX-Post-Process
[2026-01-30 00:56:30.428] [10009] [HailoRT] [info] [pipeline.cpp:891] [print_deep_description] LastAsyncEl0NmsPPMuxEl0YOLOX-Post-Process | inputs: NmsPPMuxEl0YOLOX-Post-Process[0] | outputs: user
[2026-01-30 00:56:35.914] [10009] [HailoRT] [info] [async_infer_runner.cpp:86] [shutdown] Pipeline was aborted. Shutting it down
[2026-01-30 00:56:35.914] [10009] [HailoRT] [info] [async_infer_runner.cpp:86] [shutdown] Pipeline was aborted. Shutting it down
[2026-01-30 00:56:35.914] [10009] [HailoRT] [info] [queue_elements.cpp:1131] [execute_deactivate] enqueue() in element MultiPushQEl0YOLOX-Post-Process was aborted, got status = HAILO_SHUTDOWN_EVENT_SIGNALED(57)
[2026-01-30 00:56:35.914] [10009] [HailoRT] [info] [queue_elements.cpp:1131] [execute_deactivate] enqueue() in element MultiPushQEl0YOLOX-Post-Process was aborted, got status = HAILO_SHUTDOWN_EVENT_SIGNALED(57)
[2026-01-30 00:56:35.914] [10009] [HailoRT] [info] [queue_elements.cpp:1131] [execute_deactivate] enqueue() in element MultiPushQEl0YOLOX-Post-Process was aborted, got status = HAILO_SHUTDOWN_EVENT_SIGNALED(57)
[2026-01-30 00:56:35.914] [10009] [HailoRT] [info] [queue_elements.cpp:1131] [execute_deactivate] enqueue() in element MultiPushQEl0YOLOX-Post-Process was aborted, got status = HAILO_SHUTDOWN_EVENT_SIGNALED(57)
[2026-01-30 00:56:35.914] [10009] [HailoRT] [info] [queue_elements.cpp:1131] [execute_deactivate] enqueue() in element MultiPushQEl0YOLOX-Post-Process was aborted, got status = HAILO_SHUTDOWN_EVENT_SIGNALED(57)
[2026-01-30 00:56:35.914] [10009] [HailoRT] [info] [queue_elements.cpp:1131] [execute_deactivate] enqueue() in element MultiPushQEl0YOLOX-Post-Process was aborted, got status = HAILO_SHUTDOWN_EVENT_SIGNALED(57)
[2026-01-30 00:56:35.914] [10009] [HailoRT] [info] [queue_elements.cpp:1131] [execute_deactivate] enqueue() in element MultiPushQEl0YOLOX-Post-Process was aborted, got status = HAILO_SHUTDOWN_EVENT_SIGNALED(57)
[2026-01-30 00:56:35.914] [10009] [HailoRT] [info] [queue_elements.cpp:1131] [execute_deactivate] enqueue() in element MultiPushQEl0YOLOX-Post-Process was aborted, got status = HAILO_SHUTDOWN_EVENT_SIGNALED(57)
[2026-01-30 00:56:35.914] [10009] [HailoRT] [info] [queue_elements.cpp:1131] [execute_deactivate] enqueue() in element MultiPushQEl0YOLOX-Post-Process was aborted, got status = HAILO_SHUTDOWN_EVENT_SIGNALED(57)
[2026-01-30 00:56:35.914] [10009] [HailoRT] [info] [queue_elements.cpp:570] [execute_deactivate] enqueue() in element PushQEl3yolov6n/input_layer1 was aborted, got status = HAILO_SHUTDOWN_EVENT_SIGNALED(57)
[2026-01-30 00:56:35.914] [10009] [HailoRT] [info] [queue_elements.cpp:570] [execute_deactivate] enqueue() in element EntryPushQEl0yolov6n/input_layer1 was aborted, got status = HAILO_SHUTDOWN_EVENT_SIGNALED(57)
[2026-01-30 00:56:35.914] [10009] [HailoRT] [info] [queue_elements.cpp:46] [~BaseQueueElement] Queue element EntryPushQEl0yolov6n/input_layer1 has 0 frames in his Queue on destruction
[2026-01-30 00:56:35.914] [10009] [HailoRT] [info] [queue_elements.cpp:46] [~BaseQueueElement] Queue element PushQEl3yolov6n/input_layer1 has 0 frames in his Queue on destruction
[2026-01-30 01:00:32.859] [10932] [HailoRT] [info] [device.cpp:51] [Device] OS Version: Linux 6.12.47+rpt-rpi-2712 #1 SMP PREEMPT Debian 1:6.12.47-1+rpt1 (2025-09-16) aarch64
[2026-01-30 01:00:32.860] [10932] [HailoRT] [info] [control.cpp:113] [control__parse_identify_results] firmware_version is: 4.23.0
[2026-01-30 01:00:32.860] [10932] [HailoRT] [info] [control.cpp:113] [control__parse_identify_results] firmware_version is: 4.23.0
[2026-01-30 01:00:42.476] [10982] [HailoRT] [info] [device.cpp:51] [Device] OS Version: Linux 6.12.47+rpt-rpi-2712 #1 SMP PREEMPT Debian 1:6.12.47-1+rpt1 (2025-09-16) aarch64
[2026-01-30 01:00:42.476] [10982] [HailoRT] [info] [control.cpp:113] [control__parse_identify_results] firmware_version is: 4.23.0
[2026-01-30 01:00:42.477] [10982] [HailoRT] [info] [control.cpp:113] [control__parse_identify_results] firmware_version is: 4.23.0
[2026-01-30 01:00:42.460] [10969] [HailoRT] [info] [vdevice.cpp:535] [create] Creating vdevice with params: device_count: 1, scheduling_algorithm: ROUND_ROBIN, multi_process_service: false
[2026-01-30 01:00:42.471] [10969] [HailoRT] [info] [device.cpp:51] [Device] OS Version: Linux 6.12.47+rpt-rpi-2712 #1 SMP PREEMPT Debian 1:6.12.47-1+rpt1 (2025-09-16) aarch64
[2026-01-30 01:00:42.472] [10969] [HailoRT] [info] [control.cpp:113] [control__parse_identify_results] firmware_version is: 4.23.0
[2026-01-30 01:00:42.472] [10969] [HailoRT] [info] [vdevice.cpp:682] [create] VDevice Infos: 0001:01:00.0
[2026-01-30 01:00:42.534] [10969] [HailoRT] [info] [hef.cpp:1994] [get_network_group_and_network_name] No name was given. Addressing all networks of default network_group: yolov6n
[2026-01-30 01:00:42.534] [10969] [HailoRT] [info] [hef.cpp:1994] [get_network_group_and_network_name] No name was given. Addressing all networks of default network_group: yolov6n
[2026-01-30 01:00:42.540] [10969] [HailoRT] [info] [internal_buffer_manager.cpp:75] [print_execution_results] Default Internal buffer planner failed to meet requirements
[2026-01-30 01:00:42.540] [10969] [HailoRT] [info] [internal_buffer_manager.cpp:86] [print_execution_results] Default Internal buffer planner executed successfully
[2026-01-30 01:00:42.546] [10969] [HailoRT] [info] [device_internal.cpp:57] [configure] Configuring HEF took 11.238514 milliseconds
[2026-01-30 01:00:42.546] [10969] [HailoRT] [info] [vdevice.cpp:780] [configure] Configuring HEF on VDevice took 11.923203 milliseconds
[2026-01-30 01:00:42.546] [10969] [HailoRT] [info] [infer_model.cpp:417] [configure] Configuring network group 'yolov6n' with params: batch size: 0, power mode: PERFORMANCE, latency: MEASURE
[2026-01-30 01:00:42.546] [10969] [HailoRT] [info] [multi_io_elements.cpp:754] [create] Created (AsyncHwEl)
[2026-01-30 01:00:42.547] [10969] [HailoRT] [info] [queue_elements.cpp:450] [create] Created (EntryPushQEl0yolov6n/input_layer1 | timeout: 10s)
[2026-01-30 01:00:42.547] [10969] [HailoRT] [info] [filter_elements.cpp:101] [create] Created (PreInferEl3yolov6n/input_layer1 | Reorder - src_order: NHWC, src_shape: (640, 640, 3), dst_order: NHCW, dst_shape: (640, 640, 3))
[2026-01-30 01:00:42.547] [10969] [HailoRT] [info] [queue_elements.cpp:450] [create] Created (PushQEl3yolov6n/input_layer1 | timeout: 10s)
[2026-01-30 01:00:42.547] [10969] [HailoRT] [info] [multi_io_elements.cpp:135] [create] Created (NmsPPMuxEl0YOLOX-Post-Process | Op YOLOX, Name: YOLOX-Post-Process, Score threshold: 0.200, IoU threshold: 0.65, Classes: 80, Max bboxes per class: 100, Image height: 640, Image width: 640)
[2026-01-30 01:00:42.584] [10969] [HailoRT] [info] [queue_elements.cpp:942] [create] Created (MultiPushQEl0YOLOX-Post-Process | timeout: 10s)
[2026-01-30 01:00:42.584] [10969] [HailoRT] [info] [edge_elements.cpp:187] [create] Created (LastAsyncEl0NmsPPMuxEl0YOLOX-Post-Process)
[2026-01-30 01:00:42.584] [10969] [HailoRT] [info] [pipeline.cpp:891] [print_deep_description] EntryPushQEl0yolov6n/input_layer1 | inputs: user | outputs: PreInferEl3yolov6n/input_layer1(running in thread_id: 10988)
[2026-01-30 01:00:42.584] [10969] [HailoRT] [info] [pipeline.cpp:891] [print_deep_description] PreInferEl3yolov6n/input_layer1 | inputs: EntryPushQEl0yolov6n/input_layer1[0] | outputs: PushQEl3yolov6n/input_layer1
[2026-01-30 01:00:42.584] [10969] [HailoRT] [info] [pipeline.cpp:891] [print_deep_description] PushQEl3yolov6n/input_layer1 | inputs: PreInferEl3yolov6n/input_layer1[0] | outputs: AsyncHwEl(running in thread_id: 10989)
[2026-01-30 01:00:42.584] [10969] [HailoRT] [info] [pipeline.cpp:891] [print_deep_description] AsyncHwEl | inputs: PushQEl3yolov6n/input_layer1[0] | outputs: MultiPushQEl0YOLOX-Post-Process MultiPushQEl0YOLOX-Post-Process MultiPushQEl0YOLOX-Post-Process MultiPushQEl0YOLOX-Post-Process MultiPushQEl0YOLOX-Post-Process MultiPushQEl0YOLOX-Post-Process MultiPushQEl0YOLOX-Post-Process MultiPushQEl0YOLOX-Post-Process MultiPushQEl0YOLOX-Post-Process
[2026-01-30 01:00:42.584] [10969] [HailoRT] [info] [pipeline.cpp:891] [print_deep_description] MultiPushQEl0YOLOX-Post-Process | inputs: AsyncHwEl[0] AsyncHwEl[1] AsyncHwEl[2] AsyncHwEl[3] AsyncHwEl[4] AsyncHwEl[5] AsyncHwEl[6] AsyncHwEl[7] AsyncHwEl[8] | outputs: NmsPPMuxEl0YOLOX-Post-Process(running in thread_id: 10990)
[2026-01-30 01:00:42.584] [10969] [HailoRT] [info] [pipeline.cpp:891] [print_deep_description] NmsPPMuxEl0YOLOX-Post-Process | inputs: MultiPushQEl0YOLOX-Post-Process[0] | outputs: LastAsyncEl0NmsPPMuxEl0YOLOX-Post-Process
[2026-01-30 01:00:42.584] [10969] [HailoRT] [info] [pipeline.cpp:891] [print_deep_description] LastAsyncEl0NmsPPMuxEl0YOLOX-Post-Process | inputs: NmsPPMuxEl0YOLOX-Post-Process[0] | outputs: user
[2026-01-30 01:00:50.782] [10969] [HailoRT] [info] [async_infer_runner.cpp:86] [shutdown] Pipeline was aborted. Shutting it down
[2026-01-30 01:00:50.782] [10969] [HailoRT] [info] [async_infer_runner.cpp:86] [shutdown] Pipeline was aborted. Shutting it down
[2026-01-30 01:00:50.782] [10969] [HailoRT] [info] [queue_elements.cpp:1131] [execute_deactivate] enqueue() in element MultiPushQEl0YOLOX-Post-Process was aborted, got status = HAILO_SHUTDOWN_EVENT_SIGNALED(57)
[2026-01-30 01:00:50.782] [10969] [HailoRT] [info] [queue_elements.cpp:1131] [execute_deactivate] enqueue() in element MultiPushQEl0YOLOX-Post-Process was aborted, got status = HAILO_SHUTDOWN_EVENT_SIGNALED(57)
[2026-01-30 01:00:50.782] [10969] [HailoRT] [info] [queue_elements.cpp:1131] [execute_deactivate] enqueue() in element MultiPushQEl0YOLOX-Post-Process was aborted, got status = HAILO_SHUTDOWN_EVENT_SIGNALED(57)
[2026-01-30 01:00:50.782] [10969] [HailoRT] [info] [queue_elements.cpp:1131] [execute_deactivate] enqueue() in element MultiPushQEl0YOLOX-Post-Process was aborted, got status = HAILO_SHUTDOWN_EVENT_SIGNALED(57)
[2026-01-30 01:00:50.782] [10969] [HailoRT] [info] [queue_elements.cpp:1131] [execute_deactivate] enqueue() in element MultiPushQEl0YOLOX-Post-Process was aborted, got status = HAILO_SHUTDOWN_EVENT_SIGNALED(57)
[2026-01-30 01:00:50.783] [10969] [HailoRT] [info] [queue_elements.cpp:1131] [execute_deactivate] enqueue() in element MultiPushQEl0YOLOX-Post-Process was aborted, got status = HAILO_SHUTDOWN_EVENT_SIGNALED(57)
[2026-01-30 01:00:50.783] [10969] [HailoRT] [info] [queue_elements.cpp:1131] [execute_deactivate] enqueue() in element MultiPushQEl0YOLOX-Post-Process was aborted, got status = HAILO_SHUTDOWN_EVENT_SIGNALED(57)
[2026-01-30 01:00:50.783] [10969] [HailoRT] [info] [queue_elements.cpp:1131] [execute_deactivate] enqueue() in element MultiPushQEl0YOLOX-Post-Process was aborted, got status = HAILO_SHUTDOWN_EVENT_SIGNALED(57)
[2026-01-30 01:00:50.783] [10969] [HailoRT] [info] [queue_elements.cpp:1131] [execute_deactivate] enqueue() in element MultiPushQEl0YOLOX-Post-Process was aborted, got status = HAILO_SHUTDOWN_EVENT_SIGNALED(57)
[2026-01-30 01:00:50.783] [10969] [HailoRT] [info] [queue_elements.cpp:570] [execute_deactivate] enqueue() in element PushQEl3yolov6n/input_layer1 was aborted, got status = HAILO_SHUTDOWN_EVENT_SIGNALED(57)
[2026-01-30 01:00:50.783] [10969] [HailoRT] [info] [queue_elements.cpp:570] [execute_deactivate] enqueue() in element EntryPushQEl0yolov6n/input_layer1 was aborted, got status = HAILO_SHUTDOWN_EVENT_SIGNALED(57)
[2026-01-30 01:00:50.783] [10969] [HailoRT] [info] [queue_elements.cpp:46] [~BaseQueueElement] Queue element EntryPushQEl0yolov6n/input_layer1 has 0 frames in his Queue on destruction
[2026-01-30 01:00:50.783] [10969] [HailoRT] [info] [queue_elements.cpp:46] [~BaseQueueElement] Queue element PushQEl3yolov6n/input_layer1 has 0 frames in his Queue on destruction
[2026-01-30 01:01:46.993] [11309] [HailoRT] [info] [device.cpp:51] [Device] OS Version: Linux 6.12.47+rpt-rpi-2712 #1 SMP PREEMPT Debian 1:6.12.47-1+rpt1 (2025-09-16) aarch64
[2026-01-30 01:01:46.995] [11309] [HailoRT] [info] [control.cpp:113] [control__parse_identify_results] firmware_version is: 4.23.0
[2026-01-30 01:01:46.996] [11309] [HailoRT] [info] [control.cpp:113] [control__parse_identify_results] firmware_version is: 4.23.0
[2026-01-30 01:01:46.967] [11285] [HailoRT] [info] [vdevice.cpp:535] [create] Creating vdevice with params: device_count: 1, scheduling_algorithm: ROUND_ROBIN, multi_process_service: false
[2026-01-30 01:01:46.979] [11285] [HailoRT] [info] [device.cpp:51] [Device] OS Version: Linux 6.12.47+rpt-rpi-2712 #1 SMP PREEMPT Debian 1:6.12.47-1+rpt1 (2025-09-16) aarch64
[2026-01-30 01:01:46.980] [11285] [HailoRT] [info] [control.cpp:113] [control__parse_identify_results] firmware_version is: 4.23.0
[2026-01-30 01:01:46.980] [11285] [HailoRT] [info] [vdevice.cpp:682] [create] VDevice Infos: 0001:01:00.0
[2026-01-30 01:01:47.072] [11285] [HailoRT] [info] [hef.cpp:1994] [get_network_group_and_network_name] No name was given. Addressing all networks of default network_group: yolov6n
[2026-01-30 01:01:47.072] [11285] [HailoRT] [info] [hef.cpp:1994] [get_network_group_and_network_name] No name was given. Addressing all networks of default network_group: yolov6n
[2026-01-30 01:01:47.084] [11285] [HailoRT] [info] [internal_buffer_manager.cpp:75] [print_execution_results] Default Internal buffer planner failed to meet requirements
[2026-01-30 01:01:47.084] [11285] [HailoRT] [info] [internal_buffer_manager.cpp:86] [print_execution_results] Default Internal buffer planner executed successfully
[2026-01-30 01:01:47.098] [11285] [HailoRT] [info] [device_internal.cpp:57] [configure] Configuring HEF took 24.90117 milliseconds
[2026-01-30 01:01:47.098] [11285] [HailoRT] [info] [vdevice.cpp:780] [configure] Configuring HEF on VDevice took 25.286765 milliseconds
[2026-01-30 01:01:47.098] [11285] [HailoRT] [info] [infer_model.cpp:417] [configure] Configuring network group 'yolov6n' with params: batch size: 0, power mode: PERFORMANCE, latency: MEASURE
[2026-01-30 01:01:47.098] [11285] [HailoRT] [info] [multi_io_elements.cpp:754] [create] Created (AsyncHwEl)
[2026-01-30 01:01:47.098] [11285] [HailoRT] [info] [queue_elements.cpp:450] [create] Created (EntryPushQEl0yolov6n/input_layer1 | timeout: 10s)
[2026-01-30 01:01:47.098] [11285] [HailoRT] [info] [filter_elements.cpp:101] [create] Created (PreInferEl3yolov6n/input_layer1 | Reorder - src_order: NHWC, src_shape: (640, 640, 3), dst_order: NHCW, dst_shape: (640, 640, 3))
[2026-01-30 01:01:47.098] [11285] [HailoRT] [info] [queue_elements.cpp:450] [create] Created (PushQEl3yolov6n/input_layer1 | timeout: 10s)
[2026-01-30 01:01:47.098] [11285] [HailoRT] [info] [multi_io_elements.cpp:135] [create] Created (NmsPPMuxEl0YOLOX-Post-Process | Op YOLOX, Name: YOLOX-Post-Process, Score threshold: 0.200, IoU threshold: 0.65, Classes: 80, Max bboxes per class: 100, Image height: 640, Image width: 640)
[2026-01-30 01:01:47.128] [11285] [HailoRT] [info] [queue_elements.cpp:942] [create] Created (MultiPushQEl0YOLOX-Post-Process | timeout: 10s)
[2026-01-30 01:01:47.128] [11285] [HailoRT] [info] [edge_elements.cpp:187] [create] Created (LastAsyncEl0NmsPPMuxEl0YOLOX-Post-Process)
[2026-01-30 01:01:47.128] [11285] [HailoRT] [info] [pipeline.cpp:891] [print_deep_description] EntryPushQEl0yolov6n/input_layer1 | inputs: user | outputs: PreInferEl3yolov6n/input_layer1(running in thread_id: 11315)
[2026-01-30 01:01:47.128] [11285] [HailoRT] [info] [pipeline.cpp:891] [print_deep_description] PreInferEl3yolov6n/input_layer1 | inputs: EntryPushQEl0yolov6n/input_layer1[0] | outputs: PushQEl3yolov6n/input_layer1
[2026-01-30 01:01:47.128] [11285] [HailoRT] [info] [pipeline.cpp:891] [print_deep_description] PushQEl3yolov6n/input_layer1 | inputs: PreInferEl3yolov6n/input_layer1[0] | outputs: AsyncHwEl(running in thread_id: 11316)
[2026-01-30 01:01:47.128] [11285] [HailoRT] [info] [pipeline.cpp:891] [print_deep_description] AsyncHwEl | inputs: PushQEl3yolov6n/input_layer1[0] | outputs: MultiPushQEl0YOLOX-Post-Process MultiPushQEl0YOLOX-Post-Process MultiPushQEl0YOLOX-Post-Process MultiPushQEl0YOLOX-Post-Process MultiPushQEl0YOLOX-Post-Process MultiPushQEl0YOLOX-Post-Process MultiPushQEl0YOLOX-Post-Process MultiPushQEl0YOLOX-Post-Process MultiPushQEl0YOLOX-Post-Process
[2026-01-30 01:01:47.128] [11285] [HailoRT] [info] [pipeline.cpp:891] [print_deep_description] MultiPushQEl0YOLOX-Post-Process | inputs: AsyncHwEl[0] AsyncHwEl[1] AsyncHwEl[2] AsyncHwEl[3] AsyncHwEl[4] AsyncHwEl[5] AsyncHwEl[6] AsyncHwEl[7] AsyncHwEl[8] | outputs: NmsPPMuxEl0YOLOX-Post-Process(running in thread_id: 11317)
[2026-01-30 01:01:47.128] [11285] [HailoRT] [info] [pipeline.cpp:891] [print_deep_description] NmsPPMuxEl0YOLOX-Post-Process | inputs: MultiPushQEl0YOLOX-Post-Process[0] | outputs: LastAsyncEl0NmsPPMuxEl0YOLOX-Post-Process
[2026-01-30 01:01:47.128] [11285] [HailoRT] [info] [pipeline.cpp:891] [print_deep_description] LastAsyncEl0NmsPPMuxEl0YOLOX-Post-Process | inputs: NmsPPMuxEl0YOLOX-Post-Process[0] | outputs: user
[2026-01-30 01:02:45.104] [11486] [HailoRT] [info] [device.cpp:51] [Device] OS Version: Linux 6.12.47+rpt-rpi-2712 #1 SMP PREEMPT Debian 1:6.12.47-1+rpt1 (2025-09-16) aarch64
[2026-01-30 01:02:45.104] [11486] [HailoRT] [info] [control.cpp:113] [control__parse_identify_results] firmware_version is: 4.23.0
[2026-01-30 01:02:45.104] [11486] [HailoRT] [info] [control.cpp:113] [control__parse_identify_results] firmware_version is: 4.23.0
[2026-01-30 01:02:45.087] [11473] [HailoRT] [info] [vdevice.cpp:535] [create] Creating vdevice with params: device_count: 1, scheduling_algorithm: ROUND_ROBIN, multi_process_service: false
[2026-01-30 01:02:45.099] [11473] [HailoRT] [info] [device.cpp:51] [Device] OS Version: Linux 6.12.47+rpt-rpi-2712 #1 SMP PREEMPT Debian 1:6.12.47-1+rpt1 (2025-09-16) aarch64
[2026-01-30 01:02:45.099] [11473] [HailoRT] [info] [control.cpp:113] [control__parse_identify_results] firmware_version is: 4.23.0
[2026-01-30 01:02:45.100] [11473] [HailoRT] [info] [vdevice.cpp:682] [create] VDevice Infos: 0001:01:00.0
[2026-01-30 01:02:45.147] [11473] [HailoRT] [info] [hef.cpp:1994] [get_network_group_and_network_name] No name was given. Addressing all networks of default network_group: yolov6n
[2026-01-30 01:02:45.147] [11473] [HailoRT] [info] [hef.cpp:1994] [get_network_group_and_network_name] No name was given. Addressing all networks of default network_group: yolov6n
[2026-01-30 01:02:45.156] [11473] [HailoRT] [info] [internal_buffer_manager.cpp:75] [print_execution_results] Default Internal buffer planner failed to meet requirements
[2026-01-30 01:02:45.156] [11473] [HailoRT] [info] [internal_buffer_manager.cpp:86] [print_execution_results] Default Internal buffer planner executed successfully
[2026-01-30 01:02:45.162] [11473] [HailoRT] [info] [device_internal.cpp:57] [configure] Configuring HEF took 14.313715 milliseconds
[2026-01-30 01:02:45.162] [11473] [HailoRT] [info] [vdevice.cpp:780] [configure] Configuring HEF on VDevice took 14.705329 milliseconds
[2026-01-30 01:02:45.162] [11473] [HailoRT] [info] [infer_model.cpp:417] [configure] Configuring network group 'yolov6n' with params: batch size: 0, power mode: PERFORMANCE, latency: MEASURE
[2026-01-30 01:02:45.162] [11473] [HailoRT] [info] [multi_io_elements.cpp:754] [create] Created (AsyncHwEl)
[2026-01-30 01:02:45.162] [11473] [HailoRT] [info] [queue_elements.cpp:450] [create] Created (EntryPushQEl0yolov6n/input_layer1 | timeout: 10s)
[2026-01-30 01:02:45.162] [11473] [HailoRT] [info] [filter_elements.cpp:101] [create] Created (PreInferEl3yolov6n/input_layer1 | Reorder - src_order: NHWC, src_shape: (640, 640, 3), dst_order: NHCW, dst_shape: (640, 640, 3))
[2026-01-30 01:02:45.162] [11473] [HailoRT] [info] [queue_elements.cpp:450] [create] Created (PushQEl3yolov6n/input_layer1 | timeout: 10s)
[2026-01-30 01:02:45.162] [11473] [HailoRT] [info] [multi_io_elements.cpp:135] [create] Created (NmsPPMuxEl0YOLOX-Post-Process | Op YOLOX, Name: YOLOX-Post-Process, Score threshold: 0.200, IoU threshold: 0.65, Classes: 80, Max bboxes per class: 100, Image height: 640, Image width: 640)
[2026-01-30 01:02:45.204] [11473] [HailoRT] [info] [queue_elements.cpp:942] [create] Created (MultiPushQEl0YOLOX-Post-Process | timeout: 10s)
[2026-01-30 01:02:45.204] [11473] [HailoRT] [info] [edge_elements.cpp:187] [create] Created (LastAsyncEl0NmsPPMuxEl0YOLOX-Post-Process)
[2026-01-30 01:02:45.204] [11473] [HailoRT] [info] [pipeline.cpp:891] [print_deep_description] EntryPushQEl0yolov6n/input_layer1 | inputs: user | outputs: PreInferEl3yolov6n/input_layer1(running in thread_id: 11492)
[2026-01-30 01:02:45.204] [11473] [HailoRT] [info] [pipeline.cpp:891] [print_deep_description] PreInferEl3yolov6n/input_layer1 | inputs: EntryPushQEl0yolov6n/input_layer1[0] | outputs: PushQEl3yolov6n/input_layer1
[2026-01-30 01:02:45.204] [11473] [HailoRT] [info] [pipeline.cpp:891] [print_deep_description] PushQEl3yolov6n/input_layer1 | inputs: PreInferEl3yolov6n/input_layer1[0] | outputs: AsyncHwEl(running in thread_id: 11493)
[2026-01-30 01:02:45.204] [11473] [HailoRT] [info] [pipeline.cpp:891] [print_deep_description] AsyncHwEl | inputs: PushQEl3yolov6n/input_layer1[0] | outputs: MultiPushQEl0YOLOX-Post-Process MultiPushQEl0YOLOX-Post-Process MultiPushQEl0YOLOX-Post-Process MultiPushQEl0YOLOX-Post-Process MultiPushQEl0YOLOX-Post-Process MultiPushQEl0YOLOX-Post-Process MultiPushQEl0YOLOX-Post-Process MultiPushQEl0YOLOX-Post-Process MultiPushQEl0YOLOX-Post-Process
[2026-01-30 01:02:45.204] [11473] [HailoRT] [info] [pipeline.cpp:891] [print_deep_description] MultiPushQEl0YOLOX-Post-Process | inputs: AsyncHwEl[0] AsyncHwEl[1] AsyncHwEl[2] AsyncHwEl[3] AsyncHwEl[4] AsyncHwEl[5] AsyncHwEl[6] AsyncHwEl[7] AsyncHwEl[8] | outputs: NmsPPMuxEl0YOLOX-Post-Process(running in thread_id: 11494)
[2026-01-30 01:02:45.204] [11473] [HailoRT] [info] [pipeline.cpp:891] [print_deep_description] NmsPPMuxEl0YOLOX-Post-Process | inputs: MultiPushQEl0YOLOX-Post-Process[0] | outputs: LastAsyncEl0NmsPPMuxEl0YOLOX-Post-Process
[2026-01-30 01:02:45.204] [11473] [HailoRT] [info] [pipeline.cpp:891] [print_deep_description] LastAsyncEl0NmsPPMuxEl0YOLOX-Post-Process | inputs: NmsPPMuxEl0YOLOX-Post-Process[0] | outputs: user
[2026-01-30 01:02:50.596] [11473] [HailoRT] [info] [async_infer_runner.cpp:86] [shutdown] Pipeline was aborted. Shutting it down
[2026-01-30 01:02:50.596] [11473] [HailoRT] [info] [async_infer_runner.cpp:86] [shutdown] Pipeline was aborted. Shutting it down
[2026-01-30 01:02:50.596] [11473] [HailoRT] [info] [queue_elements.cpp:1131] [execute_deactivate] enqueue() in element MultiPushQEl0YOLOX-Post-Process was aborted, got status = HAILO_SHUTDOWN_EVENT_SIGNALED(57)
[2026-01-30 01:02:50.596] [11473] [HailoRT] [info] [queue_elements.cpp:1131] [execute_deactivate] enqueue() in element MultiPushQEl0YOLOX-Post-Process was aborted, got status = HAILO_SHUTDOWN_EVENT_SIGNALED(57)
[2026-01-30 01:02:50.596] [11473] [HailoRT] [info] [queue_elements.cpp:1131] [execute_deactivate] enqueue() in element MultiPushQEl0YOLOX-Post-Process was aborted, got status = HAILO_SHUTDOWN_EVENT_SIGNALED(57)
[2026-01-30 01:02:50.596] [11473] [HailoRT] [info] [queue_elements.cpp:1131] [execute_deactivate] enqueue() in element MultiPushQEl0YOLOX-Post-Process was aborted, got status = HAILO_SHUTDOWN_EVENT_SIGNALED(57)
[2026-01-30 01:02:50.596] [11473] [HailoRT] [info] [queue_elements.cpp:1131] [execute_deactivate] enqueue() in element MultiPushQEl0YOLOX-Post-Process was aborted, got status = HAILO_SHUTDOWN_EVENT_SIGNALED(57)
[2026-01-30 01:02:50.596] [11473] [HailoRT] [info] [queue_elements.cpp:1131] [execute_deactivate] enqueue() in element MultiPushQEl0YOLOX-Post-Process was aborted, got status = HAILO_SHUTDOWN_EVENT_SIGNALED(57)
[2026-01-30 01:02:50.596] [11473] [HailoRT] [info] [queue_elements.cpp:1131] [execute_deactivate] enqueue() in element MultiPushQEl0YOLOX-Post-Process was aborted, got status = HAILO_SHUTDOWN_EVENT_SIGNALED(57)
[2026-01-30 01:02:50.596] [11473] [HailoRT] [info] [queue_elements.cpp:1131] [execute_deactivate] enqueue() in element MultiPushQEl0YOLOX-Post-Process was aborted, got status = HAILO_SHUTDOWN_EVENT_SIGNALED(57)
[2026-01-30 01:02:50.596] [11473] [HailoRT] [info] [queue_elements.cpp:1131] [execute_deactivate] enqueue() in element MultiPushQEl0YOLOX-Post-Process was aborted, got status = HAILO_SHUTDOWN_EVENT_SIGNALED(57)
[2026-01-30 01:02:50.596] [11473] [HailoRT] [info] [queue_elements.cpp:570] [execute_deactivate] enqueue() in element PushQEl3yolov6n/input_layer1 was aborted, got status = HAILO_SHUTDOWN_EVENT_SIGNALED(57)
[2026-01-30 01:02:50.596] [11473] [HailoRT] [info] [queue_elements.cpp:570] [execute_deactivate] enqueue() in element EntryPushQEl0yolov6n/input_layer1 was aborted, got status = HAILO_SHUTDOWN_EVENT_SIGNALED(57)
[2026-01-30 01:02:50.596] [11473] [HailoRT] [info] [queue_elements.cpp:46] [~BaseQueueElement] Queue element EntryPushQEl0yolov6n/input_layer1 has 0 frames in his Queue on destruction
[2026-01-30 01:02:50.596] [11473] [HailoRT] [info] [queue_elements.cpp:46] [~BaseQueueElement] Queue element PushQEl3yolov6n/input_layer1 has 0 frames in his Queue on destruction
[2026-01-30 01:03:28.858] [11742] [HailoRT] [info] [device.cpp:51] [Device] OS Version: Linux 6.12.47+rpt-rpi-2712 #1 SMP PREEMPT Debian 1:6.12.47-1+rpt1 (2025-09-16) aarch64
[2026-01-30 01:03:28.858] [11742] [HailoRT] [info] [control.cpp:113] [control__parse_identify_results] firmware_version is: 4.23.0
[2026-01-30 01:03:28.859] [11742] [HailoRT] [info] [control.cpp:113] [control__parse_identify_results] firmware_version is: 4.23.0
[2026-01-30 01:03:28.841] [11727] [HailoRT] [info] [vdevice.cpp:535] [create] Creating vdevice with params: device_count: 1, scheduling_algorithm: ROUND_ROBIN, multi_process_service: false
[2026-01-30 01:03:28.854] [11727] [HailoRT] [info] [device.cpp:51] [Device] OS Version: Linux 6.12.47+rpt-rpi-2712 #1 SMP PREEMPT Debian 1:6.12.47-1+rpt1 (2025-09-16) aarch64
[2026-01-30 01:03:28.854] [11727] [HailoRT] [info] [control.cpp:113] [control__parse_identify_results] firmware_version is: 4.23.0
[2026-01-30 01:03:28.854] [11727] [HailoRT] [info] [vdevice.cpp:682] [create] VDevice Infos: 0001:01:00.0
[2026-01-30 01:03:28.903] [11727] [HailoRT] [info] [hef.cpp:1994] [get_network_group_and_network_name] No name was given. Addressing all networks of default network_group: yolov6n
[2026-01-30 01:03:28.903] [11727] [HailoRT] [info] [hef.cpp:1994] [get_network_group_and_network_name] No name was given. Addressing all networks of default network_group: yolov6n
[2026-01-30 01:03:28.909] [11727] [HailoRT] [info] [internal_buffer_manager.cpp:75] [print_execution_results] Default Internal buffer planner failed to meet requirements
[2026-01-30 01:03:28.909] [11727] [HailoRT] [info] [internal_buffer_manager.cpp:86] [print_execution_results] Default Internal buffer planner executed successfully
[2026-01-30 01:03:28.915] [11727] [HailoRT] [info] [device_internal.cpp:57] [configure] Configuring HEF took 12.021072 milliseconds
[2026-01-30 01:03:28.915] [11727] [HailoRT] [info] [vdevice.cpp:780] [configure] Configuring HEF on VDevice took 12.368093 milliseconds
[2026-01-30 01:03:28.915] [11727] [HailoRT] [info] [infer_model.cpp:417] [configure] Configuring network group 'yolov6n' with params: batch size: 0, power mode: PERFORMANCE, latency: MEASURE
[2026-01-30 01:03:28.915] [11727] [HailoRT] [info] [multi_io_elements.cpp:754] [create] Created (AsyncHwEl)
[2026-01-30 01:03:28.915] [11727] [HailoRT] [info] [queue_elements.cpp:450] [create] Created (EntryPushQEl0yolov6n/input_layer1 | timeout: 10s)
[2026-01-30 01:03:28.915] [11727] [HailoRT] [info] [filter_elements.cpp:101] [create] Created (PreInferEl3yolov6n/input_layer1 | Reorder - src_order: NHWC, src_shape: (640, 640, 3), dst_order: NHCW, dst_shape: (640, 640, 3))
[2026-01-30 01:03:28.915] [11727] [HailoRT] [info] [queue_elements.cpp:450] [create] Created (PushQEl3yolov6n/input_layer1 | timeout: 10s)
[2026-01-30 01:03:28.915] [11727] [HailoRT] [info] [multi_io_elements.cpp:135] [create] Created (NmsPPMuxEl0YOLOX-Post-Process | Op YOLOX, Name: YOLOX-Post-Process, Score threshold: 0.200, IoU threshold: 0.65, Classes: 80, Max bboxes per class: 100, Image height: 640, Image width: 640)
[2026-01-30 01:03:28.940] [11727] [HailoRT] [info] [queue_elements.cpp:942] [create] Created (MultiPushQEl0YOLOX-Post-Process | timeout: 10s)
[2026-01-30 01:03:28.940] [11727] [HailoRT] [info] [edge_elements.cpp:187] [create] Created (LastAsyncEl0NmsPPMuxEl0YOLOX-Post-Process)
[2026-01-30 01:03:28.940] [11727] [HailoRT] [info] [pipeline.cpp:891] [print_deep_description] EntryPushQEl0yolov6n/input_layer1 | inputs: user | outputs: PreInferEl3yolov6n/input_layer1(running in thread_id: 11748)
[2026-01-30 01:03:28.940] [11727] [HailoRT] [info] [pipeline.cpp:891] [print_deep_description] PreInferEl3yolov6n/input_layer1 | inputs: EntryPushQEl0yolov6n/input_layer1[0] | outputs: PushQEl3yolov6n/input_layer1
[2026-01-30 01:03:28.940] [11727] [HailoRT] [info] [pipeline.cpp:891] [print_deep_description] PushQEl3yolov6n/input_layer1 | inputs: PreInferEl3yolov6n/input_layer1[0] | outputs: AsyncHwEl(running in thread_id: 11749)
[2026-01-30 01:03:28.940] [11727] [HailoRT] [info] [pipeline.cpp:891] [print_deep_description] AsyncHwEl | inputs: PushQEl3yolov6n/input_layer1[0] | outputs: MultiPushQEl0YOLOX-Post-Process MultiPushQEl0YOLOX-Post-Process MultiPushQEl0YOLOX-Post-Process MultiPushQEl0YOLOX-Post-Process MultiPushQEl0YOLOX-Post-Process MultiPushQEl0YOLOX-Post-Process MultiPushQEl0YOLOX-Post-Process MultiPushQEl0YOLOX-Post-Process MultiPushQEl0YOLOX-Post-Process
[2026-01-30 01:03:28.940] [11727] [HailoRT] [info] [pipeline.cpp:891] [print_deep_description] MultiPushQEl0YOLOX-Post-Process | inputs: AsyncHwEl[0] AsyncHwEl[1] AsyncHwEl[2] AsyncHwEl[3] AsyncHwEl[4] AsyncHwEl[5] AsyncHwEl[6] AsyncHwEl[7] AsyncHwEl[8] | outputs: NmsPPMuxEl0YOLOX-Post-Process(running in thread_id: 11750)
[2026-01-30 01:03:28.940] [11727] [HailoRT] [info] [pipeline.cpp:891] [print_deep_description] NmsPPMuxEl0YOLOX-Post-Process | inputs: MultiPushQEl0YOLOX-Post-Process[0] | outputs: LastAsyncEl0NmsPPMuxEl0YOLOX-Post-Process
[2026-01-30 01:03:28.940] [11727] [HailoRT] [info] [pipeline.cpp:891] [print_deep_description] LastAsyncEl0NmsPPMuxEl0YOLOX-Post-Process | inputs: NmsPPMuxEl0YOLOX-Post-Process[0] | outputs: user
[2026-01-30 01:04:16.310] [11931] [HailoRT] [info] [vdevice.cpp:535] [create] Creating vdevice with params: device_count: 1, scheduling_algorithm: ROUND_ROBIN, multi_process_service: false
[2026-01-30 01:04:16.322] [11931] [HailoRT] [info] [device.cpp:51] [Device] OS Version: Linux 6.12.47+rpt-rpi-2712 #1 SMP PREEMPT Debian 1:6.12.47-1+rpt1 (2025-09-16) aarch64
[2026-01-30 01:04:16.322] [11931] [HailoRT] [info] [control.cpp:113] [control__parse_identify_results] firmware_version is: 4.23.0
[2026-01-30 01:04:16.323] [11931] [HailoRT] [info] [vdevice.cpp:682] [create] VDevice Infos: 0001:01:00.0
[2026-01-30 01:04:16.374] [11931] [HailoRT] [info] [hef.cpp:1994] [get_network_group_and_network_name] No name was given. Addressing all networks of default network_group: yolov6n
[2026-01-30 01:04:16.374] [11931] [HailoRT] [info] [hef.cpp:1994] [get_network_group_and_network_name] No name was given. Addressing all networks of default network_group: yolov6n
[2026-01-30 01:04:16.380] [11931] [HailoRT] [info] [internal_buffer_manager.cpp:75] [print_execution_results] Default Internal buffer planner failed to meet requirements
[2026-01-30 01:04:16.380] [11931] [HailoRT] [info] [internal_buffer_manager.cpp:86] [print_execution_results] Default Internal buffer planner executed successfully
[2026-01-30 01:04:16.387] [11931] [HailoRT] [info] [device_internal.cpp:57] [configure] Configuring HEF took 12.287906 milliseconds
[2026-01-30 01:04:16.387] [11931] [HailoRT] [info] [vdevice.cpp:780] [configure] Configuring HEF on VDevice took 12.679538 milliseconds
[2026-01-30 01:04:16.387] [11931] [HailoRT] [info] [infer_model.cpp:417] [configure] Configuring network group 'yolov6n' with params: batch size: 0, power mode: PERFORMANCE, latency: MEASURE
[2026-01-30 01:04:16.387] [11931] [HailoRT] [info] [multi_io_elements.cpp:754] [create] Created (AsyncHwEl)
[2026-01-30 01:04:16.387] [11931] [HailoRT] [info] [queue_elements.cpp:450] [create] Created (EntryPushQEl0yolov6n/input_layer1 | timeout: 10s)
[2026-01-30 01:04:16.387] [11931] [HailoRT] [info] [filter_elements.cpp:101] [create] Created (PreInferEl3yolov6n/input_layer1 | Reorder - src_order: NHWC, src_shape: (640, 640, 3), dst_order: NHCW, dst_shape: (640, 640, 3))
[2026-01-30 01:04:16.388] [11931] [HailoRT] [info] [queue_elements.cpp:450] [create] Created (PushQEl3yolov6n/input_layer1 | timeout: 10s)
[2026-01-30 01:04:16.388] [11931] [HailoRT] [info] [multi_io_elements.cpp:135] [create] Created (NmsPPMuxEl0YOLOX-Post-Process | Op YOLOX, Name: YOLOX-Post-Process, Score threshold: 0.200, IoU threshold: 0.65, Classes: 80, Max bboxes per class: 100, Image height: 640, Image width: 640)
[2026-01-30 01:04:16.416] [11931] [HailoRT] [info] [queue_elements.cpp:942] [create] Created (MultiPushQEl0YOLOX-Post-Process | timeout: 10s)
[2026-01-30 01:04:16.416] [11931] [HailoRT] [info] [edge_elements.cpp:187] [create] Created (LastAsyncEl0NmsPPMuxEl0YOLOX-Post-Process)
[2026-01-30 01:04:16.416] [11931] [HailoRT] [info] [pipeline.cpp:891] [print_deep_description] EntryPushQEl0yolov6n/input_layer1 | inputs: user | outputs: PreInferEl3yolov6n/input_layer1(running in thread_id: 11950)
[2026-01-30 01:04:16.416] [11931] [HailoRT] [info] [pipeline.cpp:891] [print_deep_description] PreInferEl3yolov6n/input_layer1 | inputs: EntryPushQEl0yolov6n/input_layer1[0] | outputs: PushQEl3yolov6n/input_layer1
[2026-01-30 01:04:16.416] [11931] [HailoRT] [info] [pipeline.cpp:891] [print_deep_description] PushQEl3yolov6n/input_layer1 | inputs: PreInferEl3yolov6n/input_layer1[0] | outputs: AsyncHwEl(running in thread_id: 11951)
[2026-01-30 01:04:16.416] [11931] [HailoRT] [info] [pipeline.cpp:891] [print_deep_description] AsyncHwEl | inputs: PushQEl3yolov6n/input_layer1[0] | outputs: MultiPushQEl0YOLOX-Post-Process MultiPushQEl0YOLOX-Post-Process MultiPushQEl0YOLOX-Post-Process MultiPushQEl0YOLOX-Post-Process MultiPushQEl0YOLOX-Post-Process MultiPushQEl0YOLOX-Post-Process MultiPushQEl0YOLOX-Post-Process MultiPushQEl0YOLOX-Post-Process MultiPushQEl0YOLOX-Post-Process
[2026-01-30 01:04:16.416] [11931] [HailoRT] [info] [pipeline.cpp:891] [print_deep_description] MultiPushQEl0YOLOX-Post-Process | inputs: AsyncHwEl[0] AsyncHwEl[1] AsyncHwEl[2] AsyncHwEl[3] AsyncHwEl[4] AsyncHwEl[5] AsyncHwEl[6] AsyncHwEl[7] AsyncHwEl[8] | outputs: NmsPPMuxEl0YOLOX-Post-Process(running in thread_id: 11952)
[2026-01-30 01:04:16.416] [11931] [HailoRT] [info] [pipeline.cpp:891] [print_deep_description] NmsPPMuxEl0YOLOX-Post-Process | inputs: MultiPushQEl0YOLOX-Post-Process[0] | outputs: LastAsyncEl0NmsPPMuxEl0YOLOX-Post-Process
[2026-01-30 01:04:16.416] [11931] [HailoRT] [info] [pipeline.cpp:891] [print_deep_description] LastAsyncEl0NmsPPMuxEl0YOLOX-Post-Process | inputs: NmsPPMuxEl0YOLOX-Post-Process[0] | outputs: user
[2026-01-30 01:04:21.748] [11931] [HailoRT] [info] [async_infer_runner.cpp:86] [shutdown] Pipeline was aborted. Shutting it down
[2026-01-30 01:04:21.748] [11931] [HailoRT] [info] [async_infer_runner.cpp:86] [shutdown] Pipeline was aborted. Shutting it down
[2026-01-30 01:04:21.748] [11931] [HailoRT] [info] [queue_elements.cpp:1131] [execute_deactivate] enqueue() in element MultiPushQEl0YOLOX-Post-Process was aborted, got status = HAILO_SHUTDOWN_EVENT_SIGNALED(57)
[2026-01-30 01:04:21.748] [11931] [HailoRT] [info] [queue_elements.cpp:1131] [execute_deactivate] enqueue() in element MultiPushQEl0YOLOX-Post-Process was aborted, got status = HAILO_SHUTDOWN_EVENT_SIGNALED(57)
[2026-01-30 01:04:21.748] [11931] [HailoRT] [info] [queue_elements.cpp:1131] [execute_deactivate] enqueue() in element MultiPushQEl0YOLOX-Post-Process was aborted, got status = HAILO_SHUTDOWN_EVENT_SIGNALED(57)
[2026-01-30 01:04:21.748] [11931] [HailoRT] [info] [queue_elements.cpp:1131] [execute_deactivate] enqueue() in element MultiPushQEl0YOLOX-Post-Process was aborted, got status = HAILO_SHUTDOWN_EVENT_SIGNALED(57)
[2026-01-30 01:04:21.748] [11931] [HailoRT] [info] [queue_elements.cpp:1131] [execute_deactivate] enqueue() in element MultiPushQEl0YOLOX-Post-Process was aborted, got status = HAILO_SHUTDOWN_EVENT_SIGNALED(57)
[2026-01-30 01:04:21.748] [11931] [HailoRT] [info] [queue_elements.cpp:1131] [execute_deactivate] enqueue() in element MultiPushQEl0YOLOX-Post-Process was aborted, got status = HAILO_SHUTDOWN_EVENT_SIGNALED(57)
[2026-01-30 01:04:21.748] [11931] [HailoRT] [info] [queue_elements.cpp:1131] [execute_deactivate] enqueue() in element MultiPushQEl0YOLOX-Post-Process was aborted, got status = HAILO_SHUTDOWN_EVENT_SIGNALED(57)
[2026-01-30 01:04:21.748] [11931] [HailoRT] [info] [queue_elements.cpp:1131] [execute_deactivate] enqueue() in element MultiPushQEl0YOLOX-Post-Process was aborted, got status = HAILO_SHUTDOWN_EVENT_SIGNALED(57)
[2026-01-30 01:04:21.748] [11931] [HailoRT] [info] [queue_elements.cpp:1131] [execute_deactivate] enqueue() in element MultiPushQEl0YOLOX-Post-Process was aborted, got status = HAILO_SHUTDOWN_EVENT_SIGNALED(57)
[2026-01-30 01:04:21.748] [11931] [HailoRT] [info] [queue_elements.cpp:570] [execute_deactivate] enqueue() in element PushQEl3yolov6n/input_layer1 was aborted, got status = HAILO_SHUTDOWN_EVENT_SIGNALED(57)
[2026-01-30 01:04:21.748] [11931] [HailoRT] [info] [queue_elements.cpp:570] [execute_deactivate] enqueue() in element EntryPushQEl0yolov6n/input_layer1 was aborted, got status = HAILO_SHUTDOWN_EVENT_SIGNALED(57)
[2026-01-30 01:04:21.748] [11931] [HailoRT] [info] [queue_elements.cpp:46] [~BaseQueueElement] Queue element EntryPushQEl0yolov6n/input_layer1 has 0 frames in his Queue on destruction
[2026-01-30 01:04:21.748] [11931] [HailoRT] [info] [queue_elements.cpp:46] [~BaseQueueElement] Queue element PushQEl3yolov6n/input_layer1 has 0 frames in his Queue on destruction
[2026-01-30 01:04:33.762] [12109] [HailoRT] [info] [vdevice.cpp:535] [create] Creating vdevice with params: device_count: 1, scheduling_algorithm: ROUND_ROBIN, multi_process_service: false
[2026-01-30 01:04:33.774] [12109] [HailoRT] [info] [device.cpp:51] [Device] OS Version: Linux 6.12.47+rpt-rpi-2712 #1 SMP PREEMPT Debian 1:6.12.47-1+rpt1 (2025-09-16) aarch64
[2026-01-30 01:04:33.775] [12109] [HailoRT] [info] [control.cpp:113] [control__parse_identify_results] firmware_version is: 4.23.0
[2026-01-30 01:04:33.775] [12109] [HailoRT] [info] [vdevice.cpp:682] [create] VDevice Infos: 0001:01:00.0
[2026-01-30 01:04:33.834] [12109] [HailoRT] [info] [hef.cpp:1994] [get_network_group_and_network_name] No name was given. Addressing all networks of default network_group: yolov6n
[2026-01-30 01:04:33.834] [12109] [HailoRT] [info] [hef.cpp:1994] [get_network_group_and_network_name] No name was given. Addressing all networks of default network_group: yolov6n
[2026-01-30 01:04:33.840] [12109] [HailoRT] [info] [internal_buffer_manager.cpp:75] [print_execution_results] Default Internal buffer planner failed to meet requirements
[2026-01-30 01:04:33.840] [12109] [HailoRT] [info] [internal_buffer_manager.cpp:86] [print_execution_results] Default Internal buffer planner executed successfully
[2026-01-30 01:04:33.847] [12109] [HailoRT] [info] [device_internal.cpp:57] [configure] Configuring HEF took 12.088016 milliseconds
[2026-01-30 01:04:33.847] [12109] [HailoRT] [info] [vdevice.cpp:780] [configure] Configuring HEF on VDevice took 12.467203 milliseconds
[2026-01-30 01:04:33.847] [12109] [HailoRT] [info] [infer_model.cpp:417] [configure] Configuring network group 'yolov6n' with params: batch size: 0, power mode: PERFORMANCE, latency: MEASURE
[2026-01-30 01:04:33.847] [12109] [HailoRT] [info] [multi_io_elements.cpp:754] [create] Created (AsyncHwEl)
[2026-01-30 01:04:33.847] [12109] [HailoRT] [info] [queue_elements.cpp:450] [create] Created (EntryPushQEl0yolov6n/input_layer1 | timeout: 10s)
[2026-01-30 01:04:33.847] [12109] [HailoRT] [info] [filter_elements.cpp:101] [create] Created (PreInferEl3yolov6n/input_layer1 | Reorder - src_order: NHWC, src_shape: (640, 640, 3), dst_order: NHCW, dst_shape: (640, 640, 3))
[2026-01-30 01:04:33.847] [12109] [HailoRT] [info] [queue_elements.cpp:450] [create] Created (PushQEl3yolov6n/input_layer1 | timeout: 10s)
[2026-01-30 01:04:33.847] [12109] [HailoRT] [info] [multi_io_elements.cpp:135] [create] Created (NmsPPMuxEl0YOLOX-Post-Process | Op YOLOX, Name: YOLOX-Post-Process, Score threshold: 0.200, IoU threshold: 0.65, Classes: 80, Max bboxes per class: 100, Image height: 640, Image width: 640)
[2026-01-30 01:04:33.884] [12109] [HailoRT] [info] [queue_elements.cpp:942] [create] Created (MultiPushQEl0YOLOX-Post-Process | timeout: 10s)
[2026-01-30 01:04:33.884] [12109] [HailoRT] [info] [edge_elements.cpp:187] [create] Created (LastAsyncEl0NmsPPMuxEl0YOLOX-Post-Process)
[2026-01-30 01:04:33.884] [12109] [HailoRT] [info] [pipeline.cpp:891] [print_deep_description] EntryPushQEl0yolov6n/input_layer1 | inputs: user | outputs: PreInferEl3yolov6n/input_layer1(running in thread_id: 12128)
[2026-01-30 01:04:33.884] [12109] [HailoRT] [info] [pipeline.cpp:891] [print_deep_description] PreInferEl3yolov6n/input_layer1 | inputs: EntryPushQEl0yolov6n/input_layer1[0] | outputs: PushQEl3yolov6n/input_layer1
[2026-01-30 01:04:33.884] [12109] [HailoRT] [info] [pipeline.cpp:891] [print_deep_description] PushQEl3yolov6n/input_layer1 | inputs: PreInferEl3yolov6n/input_layer1[0] | outputs: AsyncHwEl(running in thread_id: 12129)
[2026-01-30 01:04:33.884] [12109] [HailoRT] [info] [pipeline.cpp:891] [print_deep_description] AsyncHwEl | inputs: PushQEl3yolov6n/input_layer1[0] | outputs: MultiPushQEl0YOLOX-Post-Process MultiPushQEl0YOLOX-Post-Process MultiPushQEl0YOLOX-Post-Process MultiPushQEl0YOLOX-Post-Process MultiPushQEl0YOLOX-Post-Process MultiPushQEl0YOLOX-Post-Process MultiPushQEl0YOLOX-Post-Process MultiPushQEl0YOLOX-Post-Process MultiPushQEl0YOLOX-Post-Process
[2026-01-30 01:04:33.884] [12109] [HailoRT] [info] [pipeline.cpp:891] [print_deep_description] MultiPushQEl0YOLOX-Post-Process | inputs: AsyncHwEl[0] AsyncHwEl[1] AsyncHwEl[2] AsyncHwEl[3] AsyncHwEl[4] AsyncHwEl[5] AsyncHwEl[6] AsyncHwEl[7] AsyncHwEl[8] | outputs: NmsPPMuxEl0YOLOX-Post-Process(running in thread_id: 12130)
[2026-01-30 01:04:33.884] [12109] [HailoRT] [info] [pipeline.cpp:891] [print_deep_description] NmsPPMuxEl0YOLOX-Post-Process | inputs: MultiPushQEl0YOLOX-Post-Process[0] | outputs: LastAsyncEl0NmsPPMuxEl0YOLOX-Post-Process
[2026-01-30 01:04:33.884] [12109] [HailoRT] [info] [pipeline.cpp:891] [print_deep_description] LastAsyncEl0NmsPPMuxEl0YOLOX-Post-Process | inputs: NmsPPMuxEl0YOLOX-Post-Process[0] | outputs: user
[2026-01-30 11:03:54.446] [18642] [HailoRT] [info] [device.cpp:51] [Device] OS Version: Linux 6.12.47+rpt-rpi-2712 #1 SMP PREEMPT Debian 1:6.12.47-1+rpt1 (2025-09-16) aarch64
[2026-01-30 11:03:54.446] [18642] [HailoRT] [info] [control.cpp:113] [control__parse_identify_results] firmware_version is: 4.23.0
[2026-01-30 11:03:54.446] [18642] [HailoRT] [info] [control.cpp:113] [control__parse_identify_results] firmware_version is: 4.23.0
[2026-01-30 11:33:37.147] [19715] [HailoRT] [info] [device.cpp:51] [Device] OS Version: Linux 6.12.47+rpt-rpi-2712 #1 SMP PREEMPT Debian 1:6.12.47-1+rpt1 (2025-09-16) aarch64
[2026-01-30 11:33:37.148] [19715] [HailoRT] [info] [control.cpp:113] [control__parse_identify_results] firmware_version is: 4.23.0
[2026-01-30 11:33:37.148] [19715] [HailoRT] [info] [control.cpp:113] [control__parse_identify_results] firmware_version is: 4.23.0
